link_match,season,date,home_team,away_team,result_full,result_ht,home_clearances,home_corners,home_fouls_conceded,home_offsides,home_passes,home_possession,home_red_cards,home_shots,home_shots_on_target,home_tackles,home_touches,home_yellow_cards,away_clearances,away_corners,away_fouls_conceded,away_offsides,away_passes,away_possession,away_red_cards,away_shots,away_shots_on_target,away_tackles,away_touches,away_yellow_cards,goal_home_ft,goal_away_ft,goal_home_ht,goal_away_ht
https://www.premierleague.com/match/58896,20/21,2021-01-12,Burnley,Manchester United,0-1,0-0,18.0,3.0,15.0,3.0,334.0,37.3,,11.0,0.0,5.0,506.0,1.0,19.0,4.0,13.0,2.0,566.0,62.7,,13.0,7.0,12.0,753.0,2.0,0,1,0,0
https://www.premierleague.com/match/58897,20/21,2020-09-12,Crystal Palace,Southampton,1-0,1-0,22.0,7.0,14.0,4.0,236.0,29.4,0.0,5.0,3.0,15.0,449.0,2.0,15.0,3.0,11.0,0.0,580.0,70.6,1.0,9.0,5.0,28.0,787.0,1.0,1,0,1,0
https://www.premierleague.com/match/58898,20/21,2020-09-12,Fulham,Arsenal,0-3,0-1,7.0,2.0,12.0,2.0,523.0,45.6,,5.0,2.0,11.0,667.0,2.0,11.0,3.0,12.0,2.0,626.0,54.4,,13.0,6.0,12.0,775.0,2.0,0,3,0,1
https://www.premierleague.com/match/58899,20/21,2020-09-12,Liverpool,Leeds United,4-3,3-2,11.0,9.0,9.0,2.0,432.0,48.8,,22.0,6.0,13.0,661.0,1.0,34.0,0.0,6.0,5.0,459.0,51.2,,6.0,3.0,34.0,695.0,0.0,4,3,3,2
https://www.premierleague.com/match/58900,20/21,2021-01-20,Manchester City,Aston Villa,2-0,0-0,11.0,16.0,10.0,3.0,628.0,69.1,,28.0,9.0,14.0,810.0,0.0,29.0,2.0,9.0,1.0,285.0,30.9,,11.0,4.0,14.0,458.0,2.0,2,0,0,0
https://www.premierleague.com/match/58901,20/21,2020-09-13,Tottenham Hotspur,Everton,0-1,0-0,17.0,5.0,15.0,0.0,552.0,51.6,,9.0,5.0,9.0,730.0,1.0,36.0,3.0,7.0,1.0,529.0,48.4,,15.0,4.0,19.0,735.0,0.0,0,1,0,0
https://www.premierleague.com/match/58902,20/21,2020-09-13,West Bromwich Albion,Leicester City,0-3,0-0,13.0,2.0,12.0,4.0,336.0,35.8,,7.0,1.0,7.0,487.0,1.0,14.0,5.0,9.0,3.0,604.0,64.2,,13.0,7.0,17.0,779.0,1.0,0,3,0,0
https://www.premierleague.com/match/58903,20/21,2020-09-12,West Ham United,Newcastle United,0-2,0-0,18.0,8.0,13.0,2.0,474.0,58.3,,15.0,3.0,14.0,640.0,2.0,28.0,7.0,7.0,4.0,342.0,41.7,,15.0,2.0,13.0,526.0,2.0,0,2,0,0
https://www.premierleague.com/match/58904,20/21,2020-09-14,Brighton & Hove Albion,Chelsea,1-3,0-1,8.0,4.0,8.0,0.0,507.0,52.3,,13.0,3.0,17.0,681.0,1.0,15.0,3.0,13.0,3.0,465.0,47.7,,10.0,5.0,16.0,644.0,0.0,1,3,0,1
https://www.premierleague.com/match/58905,20/21,2020-09-14,Sheffield United,Wolverhampton Wanderers,0-2,0-2,10.0,12.0,13.0,4.0,460.0,55.1,,9.0,2.0,16.0,644.0,2.0,35.0,5.0,7.0,0.0,391.0,44.9,,11.0,4.0,14.0,597.0,1.0,0,2,0,2
https://www.premierleague.com/match/58906,20/21,2020-09-19,Arsenal,West Ham United,2-1,1-1,17.0,7.0,11.0,5.0,669.0,62.6,,7.0,3.0,8.0,844.0,0.0,27.0,5.0,13.0,2.0,383.0,37.4,,14.0,3.0,10.0,564.0,1.0,2,1,1,1
https://www.premierleague.com/match/58907,20/21,2020-09-21,Aston Villa,Sheffield United,1-0,0-0,14.0,10.0,12.0,1.0,553.0,71.9,0.0,18.0,2.0,5.0,732.0,3.0,36.0,4.0,13.0,0.0,221.0,28.1,1.0,4.0,1.0,9.0,374.0,1.0,1,0,0,0
https://www.premierleague.com/match/58908,20/21,2020-09-20,Chelsea,Liverpool,0-2,0-0,34.0,1.0,10.0,1.0,488.0,38.7,1.0,5.0,3.0,17.0,675.0,1.0,3.0,11.0,6.0,1.0,764.0,61.3,0.0,18.0,6.0,14.0,934.0,0.0,0,2,0,0
https://www.premierleague.com/match/58909,20/21,2020-09-19,Everton,West Bromwich Albion,5-2,2-1,4.0,11.0,9.0,1.0,799.0,71.3,0.0,17.0,7.0,21.0,982.0,1.0,20.0,1.0,11.0,1.0,322.0,28.7,1.0,6.0,4.0,18.0,491.0,0.0,5,2,2,1
https://www.premierleague.com/match/58910,20/21,2020-09-19,Leeds United,Fulham,4-3,2-1,11.0,5.0,13.0,3.0,444.0,50.3,,10.0,7.0,22.0,658.0,1.0,16.0,3.0,18.0,0.0,438.0,49.7,,14.0,6.0,18.0,668.0,2.0,4,3,2,1
https://www.premierleague.com/match/58911,20/21,2020-09-20,Leicester City,Burnley,4-2,1-1,13.0,15.0,11.0,0.0,621.0,67.8,,14.0,6.0,13.0,796.0,1.0,28.0,4.0,13.0,1.0,292.0,32.2,,16.0,5.0,12.0,481.0,2.0,4,2,1,1
https://www.premierleague.com/match/58912,20/21,2020-09-19,Manchester United,Crystal Palace,1-3,0-1,14.0,9.0,13.0,1.0,705.0,75.8,,17.0,4.0,14.0,912.0,2.0,33.0,3.0,10.0,2.0,225.0,24.2,,14.0,5.0,24.0,444.0,1.0,1,3,0,1
https://www.premierleague.com/match/58913,20/21,2020-09-20,Newcastle United,Brighton & Hove Albion,0-3,0-2,14.0,7.0,16.0,1.0,386.0,47.2,0.0,6.0,0.0,10.0,534.0,3.0,20.0,1.0,15.0,2.0,444.0,52.8,1.0,13.0,6.0,8.0,598.0,0.0,0,3,0,2
https://www.premierleague.com/match/58914,20/21,2020-09-20,Southampton,Tottenham Hotspur,2-5,1-1,7.0,3.0,17.0,2.0,460.0,52.5,,14.0,7.0,8.0,611.0,4.0,21.0,2.0,18.0,6.0,419.0,47.5,,9.0,6.0,8.0,576.0,3.0,2,5,1,1
https://www.premierleague.com/match/58915,20/21,2020-09-21,Wolverhampton Wanderers,Manchester City,1-3,0-2,9.0,4.0,7.0,2.0,356.0,34.8,,10.0,1.0,25.0,545.0,0.0,10.0,6.0,8.0,3.0,692.0,65.2,,14.0,9.0,22.0,861.0,3.0,1,3,0,2
https://www.premierleague.com/match/58916,20/21,2020-09-26,Brighton & Hove Albion,Manchester United,2-3,1-1,4.0,7.0,18.0,1.0,488.0,53.3,,18.0,5.0,12.0,676.0,4.0,21.0,1.0,16.0,4.0,445.0,46.7,,7.0,3.0,15.0,622.0,2.0,2,3,1,1
https://www.premierleague.com/match/58917,20/21,2020-09-26,Burnley,Southampton,0-1,0-1,11.0,8.0,8.0,2.0,522.0,53.4,,10.0,2.0,15.0,722.0,1.0,37.0,2.0,10.0,1.0,480.0,46.6,,5.0,1.0,12.0,679.0,0.0,0,1,0,1
https://www.premierleague.com/match/58918,20/21,2020-09-26,Crystal Palace,Everton,1-2,1-2,12.0,7.0,16.0,1.0,370.0,42.3,,8.0,1.0,26.0,579.0,3.0,25.0,6.0,15.0,0.0,524.0,57.7,,10.0,5.0,20.0,742.0,1.0,1,2,1,2
https://www.premierleague.com/match/58919,20/21,2020-09-28,Fulham,Aston Villa,0-3,0-2,7.0,5.0,18.0,0.0,538.0,65.0,,16.0,3.0,9.0,759.0,6.0,34.0,3.0,14.0,3.0,302.0,35.0,,12.0,5.0,23.0,513.0,3.0,0,3,0,2
https://www.premierleague.com/match/58920,20/21,2020-09-28,Liverpool,Arsenal,3-1,2-1,13.0,7.0,11.0,0.0,772.0,66.0,,21.0,8.0,10.0,950.0,2.0,37.0,3.0,7.0,5.0,395.0,34.0,,4.0,3.0,11.0,561.0,2.0,3,1,2,1
https://www.premierleague.com/match/58921,20/21,2020-09-27,Manchester City,Leicester City,2-5,1-1,7.0,3.0,13.0,2.0,680.0,71.7,,16.0,5.0,12.0,847.0,1.0,22.0,3.0,8.0,3.0,267.0,28.3,,7.0,7.0,23.0,430.0,3.0,2,5,1,1
https://www.premierleague.com/match/58922,20/21,2020-09-27,Sheffield United,Leeds United,0-1,0-0,30.0,5.0,18.0,2.0,327.0,36.3,,14.0,4.0,23.0,545.0,2.0,10.0,7.0,4.0,1.0,578.0,63.7,,17.0,9.0,13.0,801.0,1.0,0,1,0,0
https://www.premierleague.com/match/58923,20/21,2020-09-27,Tottenham Hotspur,Newcastle United,1-1,1-0,17.0,10.0,15.0,0.0,640.0,65.8,,23.0,12.0,10.0,818.0,1.0,25.0,4.0,9.0,1.0,319.0,34.2,,6.0,1.0,16.0,498.0,4.0,1,1,1,0
https://www.premierleague.com/match/58924,20/21,2020-09-26,West Bromwich Albion,Chelsea,3-3,3-0,39.0,3.0,8.0,1.0,249.0,24.1,,9.0,3.0,9.0,456.0,1.0,11.0,9.0,16.0,0.0,797.0,75.9,,22.0,10.0,12.0,983.0,3.0,3,3,3,0
https://www.premierleague.com/match/58925,20/21,2020-09-27,West Ham United,Wolverhampton Wanderers,4-0,1-0,17.0,1.0,7.0,3.0,367.0,36.9,,15.0,7.0,24.0,560.0,0.0,6.0,3.0,11.0,2.0,626.0,63.1,,11.0,2.0,17.0,822.0,1.0,4,0,1,0
https://www.premierleague.com/match/58926,20/21,2020-10-04,Arsenal,Sheffield United,2-1,0-0,18.0,2.0,3.0,0.0,699.0,64.5,,6.0,5.0,8.0,860.0,0.0,22.0,4.0,9.0,3.0,373.0,35.5,,6.0,2.0,11.0,525.0,1.0,2,1,0,0
https://www.premierleague.com/match/58927,20/21,2020-10-04,Aston Villa,Liverpool,7-2,4-1,31.0,2.0,7.0,2.0,285.0,30.2,,18.0,11.0,15.0,490.0,2.0,14.0,7.0,10.0,1.0,650.0,69.8,,14.0,8.0,14.0,854.0,1.0,7,2,4,1
https://www.premierleague.com/match/58928,20/21,2020-10-03,Chelsea,Crystal Palace,4-0,0-0,14.0,8.0,17.0,1.0,707.0,70.9,,17.0,6.0,14.0,876.0,2.0,15.0,5.0,13.0,0.0,280.0,29.1,,4.0,0.0,10.0,455.0,0.0,4,0,0,0
https://www.premierleague.com/match/58929,20/21,2020-10-03,Everton,Brighton & Hove Albion,4-2,2-1,18.0,3.0,13.0,0.0,474.0,43.4,,11.0,6.0,20.0,669.0,0.0,14.0,10.0,14.0,2.0,618.0,56.6,,11.0,3.0,20.0,800.0,1.0,4,2,2,1
https://www.premierleague.com/match/58930,20/21,2020-10-03,Leeds United,Manchester City,1-1,0-1,19.0,7.0,11.0,2.0,429.0,52.1,,12.0,7.0,27.0,633.0,2.0,15.0,10.0,12.0,3.0,389.0,47.9,,23.0,2.0,11.0,611.0,1.0,1,1,0,1
https://www.premierleague.com/match/58931,20/21,2020-10-04,Leicester City,West Ham United,0-3,0-2,8.0,6.0,10.0,4.0,684.0,69.5,,4.0,0.0,7.0,857.0,2.0,30.0,4.0,8.0,2.0,296.0,30.5,,14.0,6.0,12.0,476.0,2.0,0,3,0,2
https://www.premierleague.com/match/58932,20/21,2020-10-04,Manchester United,Tottenham Hotspur,1-6,1-4,11.0,2.0,14.0,1.0,416.0,38.4,1.0,5.0,2.0,15.0,598.0,2.0,17.0,4.0,11.0,0.0,672.0,61.6,0.0,22.0,8.0,23.0,862.0,1.0,1,6,1,4
https://www.premierleague.com/match/58933,20/21,2020-10-03,Newcastle United,Burnley,3-1,1-0,34.0,3.0,13.0,4.0,416.0,47.7,,10.0,5.0,5.0,606.0,2.0,9.0,4.0,17.0,5.0,455.0,52.3,,7.0,3.0,13.0,616.0,3.0,3,1,1,0
https://www.premierleague.com/match/58934,20/21,2020-10-04,Southampton,West Bromwich Albion,2-0,1-0,4.0,5.0,19.0,1.0,522.0,61.6,,13.0,7.0,21.0,706.0,2.0,16.0,1.0,10.0,1.0,325.0,38.4,,5.0,2.0,18.0,535.0,1.0,2,0,1,0
https://www.premierleague.com/match/58935,20/21,2020-10-04,Wolverhampton Wanderers,Fulham,1-0,0-0,25.0,6.0,15.0,,478.0,47.1,,14.0,5.0,9.0,639.0,1.0,14.0,2.0,8.0,,524.0,52.9,,10.0,2.0,14.0,713.0,1.0,1,0,0,0
https://www.premierleague.com/match/58936,20/21,2020-10-17,Chelsea,Southampton,3-3,2-1,29.0,6.0,11.0,3.0,574.0,53.4,,11.0,5.0,16.0,787.0,1.0,8.0,2.0,9.0,1.0,503.0,46.6,,13.0,6.0,13.0,682.0,1.0,3,3,2,1
https://www.premierleague.com/match/58937,20/21,2020-10-18,Crystal Palace,Brighton & Hove Albion,1-1,1-0,31.0,2.0,13.0,1.0,280.0,34.3,0.0,1.0,1.0,19.0,454.0,3.0,8.0,5.0,13.0,2.0,544.0,65.7,1.0,20.0,3.0,15.0,746.0,2.0,1,1,1,0
https://www.premierleague.com/match/58938,20/21,2020-10-17,Everton,Liverpool,2-2,1-1,27.0,2.0,15.0,2.0,380.0,41.9,1.0,11.0,5.0,16.0,554.0,3.0,13.0,5.0,9.0,3.0,524.0,58.1,0.0,22.0,8.0,18.0,714.0,2.0,2,2,1,1
https://www.premierleague.com/match/58939,20/21,2020-10-19,Leeds United,Wolverhampton Wanderers,0-1,0-0,5.0,8.0,13.0,1.0,553.0,67.8,,13.0,2.0,14.0,728.0,2.0,26.0,3.0,12.0,2.0,269.0,32.2,,7.0,3.0,14.0,468.0,1.0,0,1,0,0
https://www.premierleague.com/match/58940,20/21,2020-10-18,Leicester City,Aston Villa,0-1,0-0,24.0,2.0,18.0,2.0,417.0,50.5,,11.0,5.0,21.0,611.0,4.0,11.0,7.0,18.0,3.0,397.0,49.5,,10.0,4.0,14.0,612.0,3.0,0,1,0,0
https://www.premierleague.com/match/58941,20/21,2020-10-17,Manchester City,Arsenal,1-0,1-0,9.0,6.0,15.0,0.0,665.0,58.5,,13.0,5.0,11.0,801.0,4.0,12.0,6.0,10.0,2.0,462.0,41.5,,11.0,3.0,13.0,618.0,1.0,1,0,1,0
https://www.premierleague.com/match/58942,20/21,2020-10-17,Newcastle United,Manchester United,1-4,1-1,24.0,0.0,9.0,0.0,358.0,36.4,,7.0,4.0,18.0,562.0,1.0,13.0,7.0,12.0,2.0,629.0,63.6,,28.0,14.0,14.0,823.0,1.0,1,4,1,1
https://www.premierleague.com/match/58943,20/21,2020-10-18,Sheffield United,Fulham,1-1,0-0,17.0,2.0,5.0,4.0,399.0,41.5,,10.0,6.0,15.0,562.0,0.0,22.0,5.0,9.0,0.0,563.0,58.5,,15.0,6.0,14.0,743.0,2.0,1,1,0,0
https://www.premierleague.com/match/58944,20/21,2020-10-18,Tottenham Hotspur,West Ham United,3-3,3-0,30.0,3.0,13.0,1.0,511.0,51.2,,11.0,6.0,25.0,707.0,0.0,8.0,7.0,12.0,3.0,459.0,48.8,,13.0,4.0,14.0,666.0,5.0,3,3,3,0
https://www.premierleague.com/match/58945,20/21,2020-10-19,West Bromwich Albion,Burnley,0-0,0-0,24.0,8.0,15.0,2.0,477.0,56.8,,13.0,6.0,14.0,674.0,2.0,15.0,2.0,17.0,0.0,352.0,43.2,,9.0,4.0,13.0,544.0,2.0,0,0,0,0
https://www.premierleague.com/match/58946,20/21,2020-10-25,Arsenal,Leicester City,0-1,0-0,5.0,9.0,13.0,1.0,575.0,56.3,,12.0,4.0,15.0,745.0,3.0,20.0,3.0,9.0,0.0,453.0,43.7,,6.0,2.0,11.0,615.0,5.0,0,1,0,0
https://www.premierleague.com/match/58947,20/21,2020-10-23,Aston Villa,Leeds United,0-3,0-0,22.0,6.0,14.0,,305.0,40.8,,12.0,4.0,14.0,496.0,2.0,12.0,5.0,17.0,,445.0,59.2,,27.0,9.0,14.0,648.0,2.0,0,3,0,0
https://www.premierleague.com/match/58948,20/21,2020-10-26,Brighton & Hove Albion,West Bromwich Albion,1-1,1-0,21.0,6.0,14.0,2.0,473.0,49.7,,5.0,3.0,20.0,656.0,2.0,18.0,2.0,7.0,1.0,476.0,50.3,,9.0,3.0,22.0,680.0,0.0,1,1,1,0
https://www.premierleague.com/match/58949,20/21,2020-10-26,Burnley,Tottenham Hotspur,0-1,0-0,16.0,4.0,9.0,4.0,364.0,38.3,,13.0,4.0,15.0,528.0,2.0,13.0,5.0,7.0,2.0,595.0,61.7,,9.0,3.0,11.0,764.0,0.0,0,1,0,0
https://www.premierleague.com/match/58950,20/21,2020-10-24,Fulham,Crystal Palace,1-2,0-1,13.0,4.0,11.0,1.0,643.0,64.2,1.0,16.0,3.0,19.0,851.0,0.0,19.0,4.0,11.0,2.0,366.0,35.8,0.0,14.0,10.0,22.0,566.0,1.0,1,2,0,1
https://www.premierleague.com/match/58951,20/21,2020-10-24,Liverpool,Sheffield United,2-1,1-1,30.0,7.0,7.0,2.0,683.0,62.2,,17.0,5.0,7.0,891.0,0.0,25.0,3.0,15.0,0.0,406.0,37.8,,13.0,2.0,22.0,602.0,3.0,2,1,1,1
https://www.premierleague.com/match/58952,20/21,2020-10-24,Manchester United,Chelsea,0-0,0-0,20.0,9.0,8.0,2.0,582.0,50.2,,14.0,4.0,13.0,785.0,3.0,24.0,6.0,6.0,0.0,582.0,49.8,,6.0,1.0,17.0,773.0,1.0,0,0,0,0
https://www.premierleague.com/match/58953,20/21,2020-10-25,Southampton,Everton,2-0,2-0,20.0,4.0,11.0,1.0,610.0,54.3,0.0,13.0,6.0,18.0,805.0,1.0,14.0,5.0,11.0,1.0,509.0,45.7,1.0,6.0,2.0,15.0,686.0,2.0,2,0,2,0
https://www.premierleague.com/match/58954,20/21,2020-10-24,West Ham United,Manchester City,1-1,1-0,28.0,2.0,14.0,1.0,325.0,30.5,,6.0,2.0,15.0,478.0,2.0,14.0,10.0,6.0,0.0,747.0,69.5,,14.0,7.0,10.0,933.0,0.0,1,1,1,0
https://www.premierleague.com/match/58955,20/21,2020-10-25,Wolverhampton Wanderers,Newcastle United,1-1,0-0,9.0,2.0,10.0,0.0,702.0,63.4,,16.0,3.0,11.0,877.0,0.0,18.0,3.0,10.0,1.0,400.0,36.6,,5.0,2.0,23.0,567.0,1.0,1,1,0,0
https://www.premierleague.com/match/58956,20/21,2020-11-01,Aston Villa,Southampton,3-4,0-3,3.0,11.0,12.0,2.0,371.0,55.9,,19.0,10.0,14.0,567.0,1.0,32.0,1.0,17.0,2.0,312.0,44.1,,9.0,4.0,19.0,488.0,2.0,3,4,0,3
https://www.premierleague.com/match/58957,20/21,2020-10-31,Burnley,Chelsea,0-3,0-1,16.0,3.0,10.0,1.0,392.0,36.3,,5.0,0.0,13.0,545.0,1.0,13.0,4.0,15.0,4.0,693.0,63.7,,14.0,9.0,13.0,856.0,0.0,0,3,0,1
https://www.premierleague.com/match/58958,20/21,2020-11-02,Fulham,West Bromwich Albion,2-0,2-0,13.0,5.0,13.0,1.0,395.0,45.7,,13.0,6.0,15.0,627.0,3.0,20.0,2.0,11.0,4.0,468.0,54.3,,10.0,1.0,28.0,687.0,2.0,2,0,2,0
https://www.premierleague.com/match/58959,20/21,2020-11-02,Leeds United,Leicester City,1-4,0-2,11.0,10.0,9.0,2.0,639.0,67.5,,11.0,4.0,19.0,834.0,1.0,26.0,3.0,5.0,0.0,302.0,32.5,,10.0,8.0,20.0,500.0,1.0,1,4,0,2
https://www.premierleague.com/match/58960,20/21,2020-10-31,Liverpool,West Ham United,2-1,1-1,14.0,1.0,13.0,1.0,827.0,72.4,,9.0,5.0,10.0,990.0,0.0,24.0,2.0,14.0,0.0,304.0,27.6,,4.0,3.0,18.0,472.0,1.0,2,1,1,1
https://www.premierleague.com/match/58961,20/21,2020-11-01,Manchester United,Arsenal,0-1,0-0,12.0,6.0,12.0,4.0,570.0,53.3,,8.0,2.0,10.0,731.0,3.0,25.0,3.0,12.0,0.0,501.0,46.7,,7.0,2.0,20.0,673.0,3.0,0,1,0,0
https://www.premierleague.com/match/58962,20/21,2020-11-01,Newcastle United,Everton,2-1,0-0,23.0,5.0,9.0,1.0,369.0,37.7,,11.0,4.0,13.0,557.0,2.0,12.0,4.0,10.0,0.0,607.0,62.3,,15.0,4.0,22.0,803.0,4.0,2,1,0,0
https://www.premierleague.com/match/58963,20/21,2020-10-31,Sheffield United,Manchester City,0-1,0-1,24.0,2.0,14.0,0.0,375.0,35.2,,3.0,1.0,19.0,537.0,,13.0,5.0,6.0,2.0,715.0,64.8,,16.0,8.0,12.0,897.0,,0,1,0,1
https://www.premierleague.com/match/58964,20/21,2020-11-01,Tottenham Hotspur,Brighton & Hove Albion,2-1,1-0,16.0,4.0,14.0,0.0,387.0,43.4,,9.0,3.0,16.0,555.0,2.0,12.0,5.0,13.0,4.0,503.0,56.6,,6.0,2.0,13.0,673.0,1.0,2,1,1,0
https://www.premierleague.com/match/58965,20/21,2020-10-30,Wolverhampton Wanderers,Crystal Palace,2-0,2-0,15.0,7.0,13.0,0,446.0,45.0,0,15.0,5.0,19.0,618.0,0,15.0,6.0,4.0,2,552.0,55.0,1,11.0,2.0,10.0,722.0,2,2,0,2,0
https://www.premierleague.com/match/58966,20/21,2020-11-08,Arsenal,Aston Villa,0-3,0-1,12.0,3.0,11.0,1.0,538.0,58.8,,13.0,2.0,7.0,712.0,,26.0,8.0,13.0,1.0,378.0,41.2,,15.0,6.0,14.0,550.0,,0,3,0,1
https://www.premierleague.com/match/58967,20/21,2020-11-06,Brighton & Hove Albion,Burnley,0-0,0-0,10.0,5.0,11.0,1.0,530.0,58.9,,19.0,3.0,11.0,704.0,1.0,31.0,3.0,5.0,1.0,376.0,41.1,,4.0,1.0,14.0,558.0,0.0,0,0,0,0
https://www.premierleague.com/match/58968,20/21,2020-11-07,Chelsea,Sheffield United,4-1,2-1,14.0,6.0,5.0,1.0,762.0,70.1,,20.0,9.0,13.0,953.0,0.0,23.0,7.0,14.0,1.0,320.0,29.9,,6.0,3.0,11.0,487.0,2.0,4,1,2,1
https://www.premierleague.com/match/58969,20/21,2020-11-07,Crystal Palace,Leeds United,4-1,3-1,30.0,3.0,9.0,1.0,332.0,35.2,,10.0,6.0,15.0,539.0,0.0,11.0,6.0,16.0,1.0,599.0,64.8,,9.0,3.0,25.0,806.0,2.0,4,1,3,1
https://www.premierleague.com/match/58970,20/21,2020-11-07,Everton,Manchester United,1-3,1-2,10.0,5.0,12.0,3.0,523.0,54.7,,7.0,1.0,25.0,736.0,4.0,22.0,2.0,19.0,1.0,453.0,45.3,,13.0,5.0,13.0,641.0,2.0,1,3,1,2
https://www.premierleague.com/match/58971,20/21,2020-11-08,Leicester City,Wolverhampton Wanderers,1-0,1-0,19.0,6.0,12.0,0.0,492.0,49.6,,10.0,3.0,20.0,661.0,2.0,10.0,3.0,8.0,1.0,505.0,50.4,,8.0,2.0,17.0,679.0,3.0,1,0,1,0
https://www.premierleague.com/match/58972,20/21,2020-11-08,Manchester City,Liverpool,1-1,1-1,20.0,1.0,19.0,2.0,555.0,54.6,,7.0,2.0,12.0,696.0,3.0,7.0,2.0,11.0,5.0,459.0,45.4,,10.0,3.0,13.0,618.0,1.0,1,1,1,1
https://www.premierleague.com/match/58973,20/21,2020-11-06,Southampton,Newcastle United,2-0,1-0,10.0,7.0,12.0,4.0,561.0,60.7,,15.0,8.0,32.0,751.0,1.0,13.0,3.0,11.0,1.0,360.0,39.3,,4.0,2.0,13.0,540.0,2.0,2,0,1,0
https://www.premierleague.com/match/58974,20/21,2020-11-08,West Bromwich Albion,Tottenham Hotspur,0-1,0-0,11.0,9.0,17.0,1.0,340.0,41.2,,12.0,2.0,19.0,546.0,1.0,33.0,6.0,12.0,1.0,508.0,58.8,,19.0,5.0,16.0,712.0,0.0,0,1,0,0
https://www.premierleague.com/match/58975,20/21,2020-11-07,West Ham United,Fulham,1-0,0-0,18.0,9.0,10.0,3,506.0,53.0,,16.0,7.0,14.0,701.0,2,24.0,5.0,9.0,2,460.0,47.0,,13.0,3.0,12.0,629.0,2,1,0,0,0
https://www.premierleague.com/match/58976,20/21,2020-11-21,Aston Villa,Brighton & Hove Albion,1-2,0-1,12.0,12.0,5.0,2.0,457.0,55.4,0.0,15.0,4.0,7.0,654.0,2.0,47.0,3.0,18.0,0.0,385.0,44.6,1.0,7.0,3.0,18.0,572.0,1.0,1,2,0,1
https://www.premierleague.com/match/58977,20/21,2020-11-23,Burnley,Crystal Palace,1-0,1-0,17.0,4.0,13.0,2.0,409.0,46.1,,10.0,4.0,14.0,578.0,2.0,16.0,7.0,9.0,2.0,459.0,53.9,,15.0,5.0,12.0,665.0,0.0,1,0,1,0
https://www.premierleague.com/match/58978,20/21,2020-11-22,Fulham,Everton,2-3,1-3,18.0,2.0,14.0,2.0,620.0,54.1,,14.0,6.0,12.0,838.0,2.0,18.0,5.0,10.0,3.0,517.0,45.9,,9.0,7.0,22.0,702.0,0.0,2,3,1,3
https://www.premierleague.com/match/58979,20/21,2020-11-22,Leeds United,Arsenal,0-0,0-0,14.0,5.0,9.0,0.0,610.0,66.3,0.0,25.0,4.0,18.0,774.0,3.0,29.0,3.0,8.0,2.0,310.0,33.7,1.0,9.0,2.0,10.0,486.0,0.0,0,0,0,0
https://www.premierleague.com/match/58980,20/21,2020-11-22,Liverpool,Leicester City,3-0,2-0,15.0,10.0,15.0,2.0,572.0,56.4,,24.0,13.0,9.0,766.0,0.0,19.0,3.0,6.0,1.0,441.0,43.6,,11.0,4.0,14.0,648.0,2.0,3,0,2,0
https://www.premierleague.com/match/58981,20/21,2020-11-21,Manchester United,West Bromwich Albion,1-0,0-0,7.0,8.0,12.0,1.0,663.0,63.1,,17.0,7.0,13.0,842.0,1.0,17.0,2.0,17.0,1.0,385.0,36.9,,7.0,2.0,13.0,585.0,1.0,1,0,0,0
https://www.premierleague.com/match/58982,20/21,2020-11-21,Newcastle United,Chelsea,0-2,0-1,23.0,7.0,11.0,2,287.0,29.0,,8.0,1.0,6.0,447.0,2,25.0,4.0,12.0,2,746.0,71.0,,14.0,3.0,13.0,909.0,0,0,2,0,1
https://www.premierleague.com/match/58983,20/21,2020-11-22,Sheffield United,West Ham United,0-1,0-0,15.0,2.0,7.0,4.0,517.0,50.9,,9.0,5.0,25.0,701.0,,12.0,6.0,6.0,2.0,497.0,49.1,,15.0,3.0,12.0,700.0,,0,1,0,0
https://www.premierleague.com/match/58984,20/21,2020-11-21,Tottenham Hotspur,Manchester City,2-0,1-0,30.0,0.0,13.0,1.0,318.0,33.9,,4.0,2.0,25.0,493.0,2.0,5.0,10.0,19.0,2.0,599.0,66.1,,22.0,5.0,13.0,794.0,2.0,2,0,1,0
https://www.premierleague.com/match/58985,20/21,2020-11-23,Wolverhampton Wanderers,Southampton,1-1,0-0,17.0,7.0,14.0,2.0,416.0,45.3,,20.0,9.0,11.0,614.0,2.0,14.0,4.0,14.0,1.0,516.0,54.7,,7.0,2.0,20.0,691.0,0.0,1,1,0,0
https://www.premierleague.com/match/58986,20/21,2020-11-29,Arsenal,Wolverhampton Wanderers,1-2,1-2,16.0,8.0,13.0,2.0,494.0,56.2,,13.0,2.0,13.0,683.0,3.0,36.0,4.0,13.0,0.0,405.0,43.8,,11.0,5.0,12.0,599.0,4.0,1,2,1,2
https://www.premierleague.com/match/58987,20/21,2020-11-28,Brighton & Hove Albion,Liverpool,1-1,0-0,14.0,4.0,9.0,2.0,352.0,40.4,,11.0,3.0,22.0,536.0,2.0,15.0,3.0,13.0,2.0,526.0,59.6,,6.0,2.0,13.0,692.0,1.0,1,1,0,0
https://www.premierleague.com/match/58988,20/21,2020-11-29,Chelsea,Tottenham Hotspur,0-0,0-0,11.0,3.0,20.0,3.0,657.0,60.3,,13.0,3.0,13.0,809.0,4.0,12.0,3.0,9.0,1.0,438.0,39.7,,5.0,1.0,5.0,588.0,2.0,0,0,0,0
https://www.premierleague.com/match/58989,20/21,2020-11-27,Crystal Palace,Newcastle United,0-2,0-0,10.0,7.0,9.0,,503.0,57.4,,12.0,3.0,15.0,701.0,2.0,18.0,3.0,10.0,,375.0,42.6,,14.0,7.0,24.0,555.0,2.0,0,2,0,0
https://www.premierleague.com/match/58990,20/21,2020-11-28,Everton,Leeds United,0-1,0-0,23.0,4.0,8.0,2.0,391.0,41.8,,15.0,8.0,19.0,606.0,1.0,11.0,2.0,14.0,6.0,542.0,58.2,,23.0,6.0,19.0,751.0,2.0,0,1,0,0
https://www.premierleague.com/match/58991,20/21,2020-11-30,Leicester City,Fulham,1-2,0-2,11.0,6.0,9.0,,666.0,68.0,,16.0,3.0,19.0,869.0,0,31.0,5.0,21.0,,317.0,32.0,,10.0,5.0,24.0,512.0,2,1,2,0,2
https://www.premierleague.com/match/58992,20/21,2020-11-28,Manchester City,Burnley,5-0,3-0,20.0,6.0,12.0,2.0,720.0,68.6,,19.0,6.0,7.0,877.0,,10.0,4.0,4.0,2.0,315.0,31.4,,9.0,1.0,14.0,479.0,,5,0,3,0
https://www.premierleague.com/match/58993,20/21,2020-11-29,Southampton,Manchester United,2-3,2-0,17.0,5.0,12.0,,525.0,49.9,,10.0,5.0,22.0,731.0,1.0,18.0,9.0,12.0,,519.0,50.1,,15.0,6.0,19.0,726.0,0.0,2,3,2,0
https://www.premierleague.com/match/58994,20/21,2020-11-28,West Bromwich Albion,Sheffield United,1-0,1-0,15.0,14.0,10.0,2.0,380.0,48.7,,17.0,6.0,12.0,554.0,2.0,20.0,9.0,9.0,2.0,402.0,51.3,,21.0,5.0,14.0,599.0,3.0,1,0,1,0
https://www.premierleague.com/match/58995,20/21,2020-11-30,West Ham United,Aston Villa,2-1,1-1,29.0,3.0,20.0,1,272.0,34.0,,6.0,2.0,9.0,418.0,1,9.0,7.0,7.0,3,518.0,66.0,,16.0,6.0,6.0,699.0,1,2,1,1,1
https://www.premierleague.com/match/58996,20/21,2021-01-23,Aston Villa,Newcastle United,2-0,2-0,27.0,4.0,9.0,1.0,567.0,59.2,,14.0,5.0,11.0,758.0,0.0,12.0,4.0,18.0,2.0,369.0,40.8,,7.0,1.0,14.0,548.0,3.0,2,0,2,0
https://www.premierleague.com/match/58997,20/21,2020-12-07,Brighton & Hove Albion,Southampton,1-2,1-1,19.0,4.0,12.0,2.0,377.0,47.7,,12.0,4.0,21.0,585.0,3.0,11.0,3.0,12.0,3.0,420.0,52.3,,10.0,3.0,15.0,623.0,3.0,1,2,1,1
https://www.premierleague.com/match/58998,20/21,2020-12-05,Burnley,Everton,1-1,1-1,20.0,8.0,6.0,0.0,396.0,41.4,,8.0,3.0,15.0,601.0,,22.0,4.0,9.0,3.0,581.0,58.6,,13.0,6.0,19.0,767.0,,1,1,1,1
https://www.premierleague.com/match/58999,20/21,2020-12-05,Chelsea,Leeds United,3-1,1-1,19.0,8.0,12.0,1.0,408.0,45.8,,23.0,11.0,20.0,624.0,0.0,19.0,4.0,9.0,4.0,481.0,54.2,,8.0,3.0,30.0,705.0,2.0,3,1,1,1
https://www.premierleague.com/match/59000,20/21,2020-12-06,Liverpool,Wolverhampton Wanderers,4-0,1-0,18.0,4.0,8.0,1.0,626.0,60.6,,11.0,6.0,12.0,786.0,1.0,15.0,6.0,14.0,3.0,395.0,39.4,,9.0,3.0,19.0,560.0,1.0,4,0,1,0
https://www.premierleague.com/match/59001,20/21,2020-12-05,Manchester City,Fulham,2-0,2-0,7.0,9.0,7.0,1.0,793.0,68.9,,15.0,5.0,17.0,954.0,,23.0,3.0,6.0,1.0,351.0,31.1,,6.0,1.0,17.0,531.0,,2,0,2,0
https://www.premierleague.com/match/59002,20/21,2020-12-06,Sheffield United,Leicester City,1-2,1-1,26.0,6.0,13.0,4.0,273.0,29.7,,4.0,1.0,16.0,469.0,1.0,17.0,5.0,6.0,4.0,674.0,70.3,,13.0,4.0,18.0,875.0,3.0,1,2,1,1
https://www.premierleague.com/match/59003,20/21,2020-12-06,Tottenham Hotspur,Arsenal,2-0,2-0,55.0,3.0,16.0,1.0,288.0,30.2,,5.0,3.0,13.0,458.0,1.0,10.0,9.0,12.0,0.0,632.0,69.8,,11.0,2.0,15.0,826.0,2.0,2,0,2,0
https://www.premierleague.com/match/59004,20/21,2020-12-06,West Bromwich Albion,Crystal Palace,1-5,1-1,14.0,4.0,10.0,2.0,495.0,50.1,1.0,9.0,4.0,15.0,663.0,2.0,14.0,6.0,16.0,3.0,495.0,49.9,0.0,18.0,7.0,14.0,655.0,2.0,1,5,1,1
https://www.premierleague.com/match/59005,20/21,2020-12-05,West Ham United,Manchester United,1-3,1-0,9.0,5.0,9.0,4.0,392.0,39.3,,19.0,6.0,12.0,567.0,,18.0,4.0,10.0,3.0,631.0,60.7,,15.0,6.0,12.0,805.0,,1,3,1,0
https://www.premierleague.com/match/59006,20/21,2020-12-13,Arsenal,Burnley,0-1,0-0,10.0,13.0,5.0,3.0,557.0,64.7,1.0,18.0,6.0,12.0,757.0,2.0,40.0,4.0,11.0,3.0,307.0,35.3,0.0,10.0,2.0,12.0,499.0,1.0,0,1,0,0
https://www.premierleague.com/match/59007,20/21,2020-12-13,Crystal Palace,Tottenham Hotspur,1-1,0-1,26.0,4.0,15.0,4.0,344.0,42.9,,16.0,5.0,11.0,546.0,1.0,12.0,7.0,11.0,0.0,457.0,57.1,,14.0,6.0,20.0,638.0,1.0,1,1,0,1
https://www.premierleague.com/match/59008,20/21,2020-12-12,Everton,Chelsea,1-0,1-0,33.0,6.0,10.0,4,241.0,28.0,,9.0,4.0,13.0,479.0,2,15.0,6.0,11.0,1,639.0,72.0,,10.0,3.0,17.0,861.0,3,1,0,1,0
https://www.premierleague.com/match/59009,20/21,2020-12-13,Fulham,Liverpool,1-1,1-0,42.0,6.0,9.0,2.0,227.0,24.9,,10.0,5.0,17.0,452.0,3.0,22.0,8.0,5.0,2.0,707.0,75.1,,12.0,6.0,21.0,925.0,1.0,1,1,1,0
https://www.premierleague.com/match/59010,20/21,2020-12-11,Leeds United,West Ham United,1-2,1-1,15.0,5.0,12.0,2,544.0,64.0,,13.0,7.0,17.0,747.0,1,22.0,6.0,10.0,0,297.0,36.0,,19.0,8.0,12.0,505.0,2,1,2,1,1
https://www.premierleague.com/match/59011,20/21,2020-12-13,Leicester City,Brighton & Hove Albion,3-0,3-0,20.0,9.0,9.0,4.0,539.0,54.1,,15.0,6.0,12.0,727.0,2.0,11.0,5.0,10.0,1.0,455.0,45.9,,12.0,4.0,25.0,629.0,1.0,3,0,3,0
https://www.premierleague.com/match/59012,20/21,2020-12-12,Manchester United,Manchester City,0-0,0-0,13.0,4.0,13.0,2.0,502.0,46.1,,11.0,2.0,23.0,647.0,1.0,1.0,3.0,6.0,2.0,580.0,53.9,,9.0,2.0,6.0,726.0,1.0,0,0,0,0
https://www.premierleague.com/match/59013,20/21,2020-12-12,Newcastle United,West Bromwich Albion,2-1,1-0,25.0,4.0,9.0,3.0,401.0,45.3,,12.0,7.0,7.0,597.0,2.0,13.0,3.0,12.0,2.0,484.0,54.7,,13.0,3.0,18.0,660.0,3.0,2,1,1,0
https://www.premierleague.com/match/59014,20/21,2020-12-13,Southampton,Sheffield United,3-0,1-0,18.0,8.0,8.0,3.0,572.0,68.2,,16.0,6.0,21.0,758.0,0.0,19.0,4.0,14.0,0.0,259.0,31.8,,3.0,0.0,17.0,425.0,1.0,3,0,1,0
https://www.premierleague.com/match/59015,20/21,2020-12-12,Wolverhampton Wanderers,Aston Villa,0-1,0-0,34.0,5.0,23.0,0.0,348.0,50.5,1.0,16.0,7.0,15.0,559.0,2.0,22.0,8.0,15.0,2.0,331.0,49.5,1.0,13.0,2.0,8.0,542.0,5.0,0,1,0,0
https://www.premierleague.com/match/59016,20/21,2020-12-16,Arsenal,Southampton,1-1,0-1,28.0,2.0,13.0,1.0,340.0,35.2,1.0,9.0,4.0,8.0,517.0,1.0,13.0,7.0,13.0,1.0,632.0,64.8,0.0,13.0,3.0,11.0,791.0,3.0,1,1,0,1
https://www.premierleague.com/match/59017,20/21,2020-12-17,Aston Villa,Burnley,0-0,0-0,12.0,10.0,17.0,1.0,388.0,59.1,,27.0,7.0,6.0,597.0,1.0,25.0,1.0,19.0,2.0,273.0,40.9,,6.0,4.0,19.0,458.0,1.0,0,0,0,0
https://www.premierleague.com/match/59018,20/21,2020-12-16,Fulham,Brighton & Hove Albion,0-0,0-0,23.0,1.0,15.0,1.0,426.0,46.4,,9.0,4.0,16.0,637.0,1.0,5.0,8.0,11.0,2.0,481.0,53.6,,9.0,4.0,16.0,689.0,0.0,0,0,0,0
https://www.premierleague.com/match/59019,20/21,2020-12-16,Leeds United,Newcastle United,5-2,1-1,12.0,7.0,10.0,4.0,533.0,68.7,,25.0,10.0,13.0,728.0,3.0,33.0,4.0,13.0,2.0,246.0,31.3,,10.0,4.0,8.0,446.0,1.0,5,2,1,1
https://www.premierleague.com/match/59020,20/21,2020-12-16,Leicester City,Everton,0-2,0-1,13.0,4.0,12.0,2,547.0,61.0,,14.0,2.0,21.0,730.0,2,16.0,6.0,9.0,2,344.0,39.0,,11.0,6.0,13.0,526.0,3,0,2,0,1
https://www.premierleague.com/match/59021,20/21,2020-12-17,Sheffield United,Manchester United,2-3,1-2,12.0,6.0,17.0,2.0,362.0,40.1,,12.0,6.0,20.0,543.0,3.0,22.0,3.0,8.0,4.0,557.0,59.9,,15.0,9.0,18.0,759.0,2.0,2,3,1,2
https://www.premierleague.com/match/59022,20/21,2020-12-16,West Ham United,Crystal Palace,1-1,0-1,15.0,5.0,8.0,,439.0,51.9,0.0,9.0,2.0,19.0,651.0,0.0,20.0,3.0,12.0,,422.0,48.1,1.0,8.0,2.0,23.0,583.0,1.0,1,1,0,1
https://www.premierleague.com/match/59023,20/21,2020-12-15,Wolverhampton Wanderers,Chelsea,2-1,0-0,34.0,5.0,12.0,1.0,418.0,45.1,,12.0,4.0,17.0,625.0,2.0,19.0,6.0,12.0,0.0,494.0,54.9,,13.0,3.0,14.0,698.0,2.0,2,1,0,0
https://www.premierleague.com/match/59024,20/21,2020-12-16,Liverpool,Tottenham Hotspur,2-1,1-1,8.0,7.0,8.0,2.0,813.0,75.8,,17.0,11.0,12.0,998.0,0.0,29.0,4.0,9.0,0.0,254.0,24.2,,8.0,2.0,26.0,443.0,2.0,2,1,1,1
https://www.premierleague.com/match/59025,20/21,2020-12-15,Manchester City,West Bromwich Albion,1-1,1-1,10.0,13.0,5.0,3.0,752.0,77.2,,26.0,7.0,11.0,932.0,2.0,31.0,2.0,8.0,2.0,224.0,22.8,,5.0,1.0,13.0,380.0,3.0,1,1,1,1
https://www.premierleague.com/match/59026,20/21,2020-12-20,Brighton & Hove Albion,Sheffield United,1-1,0-0,6.0,14.0,9.0,1.0,545.0,73.5,0.0,21.0,5.0,12.0,726.0,1.0,37.0,2.0,11.0,2.0,203.0,26.5,1.0,5.0,3.0,12.0,367.0,5.0,1,1,0,0
https://www.premierleague.com/match/59027,20/21,2020-12-21,Burnley,Wolverhampton Wanderers,2-1,1-0,21.0,1.0,11.0,1.0,260.0,36.4,,10.0,4.0,14.0,424.0,2.0,11.0,7.0,15.0,2.0,463.0,63.6,,15.0,3.0,11.0,646.0,1.0,2,1,1,0
https://www.premierleague.com/match/59028,20/21,2020-12-21,Chelsea,West Ham United,3-0,1-0,26.0,5.0,11.0,0.0,527.0,53.7,,11.0,7.0,16.0,726.0,,12.0,4.0,6.0,4.0,443.0,46.3,,6.0,0.0,20.0,620.0,,3,0,1,0
https://www.premierleague.com/match/59029,20/21,2020-12-19,Crystal Palace,Liverpool,0-7,0-3,8.0,5.0,5.0,7.0,397.0,35.3,,5.0,3.0,10.0,555.0,1.0,13.0,4.0,11.0,0.0,743.0,64.7,,14.0,8.0,19.0,907.0,0.0,0,7,0,3
https://www.premierleague.com/match/59030,20/21,2020-12-19,Everton,Arsenal,2-1,2-1,17.0,4.0,9.0,1.0,401.0,42.2,,9.0,2.0,12.0,553.0,1.0,11.0,3.0,9.0,0.0,551.0,57.8,,13.0,2.0,9.0,718.0,3.0,2,1,2,1
https://www.premierleague.com/match/59031,20/21,2020-12-20,Manchester United,Leeds United,6-2,4-1,30.0,11.0,6.0,2.0,354.0,41.5,,26.0,14.0,19.0,568.0,1.0,12.0,13.0,6.0,4.0,478.0,58.5,,17.0,4.0,16.0,694.0,0.0,6,2,4,1
https://www.premierleague.com/match/59032,20/21,2020-12-19,Newcastle United,Fulham,1-1,0-1,27.0,2.0,7.0,1.0,470.0,49.5,0.0,12.0,5.0,12.0,645.0,1.0,20.0,9.0,17.0,0.0,480.0,50.5,1.0,11.0,4.0,7.0,649.0,3.0,1,1,0,1
https://www.premierleague.com/match/59033,20/21,2020-12-19,Southampton,Manchester City,0-1,0-1,4.0,6.0,9.0,3.0,498.0,48.3,,9.0,3.0,26.0,686.0,2.0,18.0,6.0,11.0,2.0,547.0,51.7,,11.0,5.0,14.0,744.0,2.0,0,1,0,1
https://www.premierleague.com/match/59034,20/21,2020-12-20,Tottenham Hotspur,Leicester City,0-2,0-1,13.0,5.0,15.0,2.0,518.0,56.4,,8.0,3.0,20.0,710.0,2.0,26.0,3.0,14.0,4.0,406.0,43.6,,17.0,4.0,19.0,615.0,2.0,0,2,0,1
https://www.premierleague.com/match/59035,20/21,2020-12-20,West Bromwich Albion,Aston Villa,0-3,0-1,26.0,1.0,14.0,1.0,282.0,32.7,1.0,1.0,1.0,15.0,442.0,1.0,12.0,7.0,8.0,4.0,576.0,67.3,0.0,19.0,10.0,11.0,763.0,2.0,0,3,0,1
https://www.premierleague.com/match/59036,20/21,2020-12-26,Arsenal,Chelsea,3-1,2-0,18.0,7.0,13.0,1,328.0,39.0,,15.0,7.0,16.0,505.0,2,16.0,9.0,10.0,0,506.0,61.0,,19.0,3.0,10.0,709.0,1,3,1,2,0
https://www.premierleague.com/match/59037,20/21,2020-12-26,Aston Villa,Crystal Palace,3-0,1-0,26.0,4.0,18.0,1.0,298.0,38.6,1.0,20.0,9.0,17.0,503.0,1.0,11.0,4.0,16.0,2.0,475.0,61.4,0.0,13.0,6.0,12.0,663.0,4.0,3,0,1,0
https://www.premierleague.com/match/59038,20/21,2020-12-26,Fulham,Southampton,0-0,0-0,22.0,6.0,15.0,1.0,331.0,46.7,,10.0,1.0,24.0,573.0,2.0,19.0,3.0,12.0,4.0,396.0,53.3,,3.0,2.0,34.0,616.0,0.0,0,0,0,0
https://www.premierleague.com/match/59039,20/21,2020-12-27,Leeds United,Burnley,1-0,1-0,36.0,4.0,8.0,3.0,424.0,51.4,,11.0,4.0,17.0,629.0,0.0,15.0,12.0,14.0,2.0,378.0,48.6,,14.0,6.0,11.0,571.0,3.0,1,0,1,0
https://www.premierleague.com/match/59040,20/21,2020-12-26,Leicester City,Manchester United,2-2,1-1,7.0,5.0,10.0,1.0,507.0,54.4,,10.0,2.0,17.0,701.0,2.0,17.0,0.0,17.0,4.0,439.0,45.6,,9.0,4.0,20.0,623.0,1.0,2,2,1,1
https://www.premierleague.com/match/59041,20/21,2020-12-27,Liverpool,West Bromwich Albion,1-1,1-0,13.0,7.0,8.0,1.0,787.0,78.4,,17.0,2.0,11.0,981.0,0.0,40.0,3.0,5.0,5.0,213.0,21.6,,5.0,3.0,15.0,404.0,1.0,1,1,1,0
https://www.premierleague.com/match/59042,20/21,2020-12-26,Manchester City,Newcastle United,2-0,1-0,15.0,7.0,5.0,1.0,862.0,75.1,,11.0,6.0,8.0,1012.0,2.0,23.0,3.0,12.0,3.0,272.0,24.9,,7.0,2.0,11.0,425.0,2.0,2,0,1,0
https://www.premierleague.com/match/59043,20/21,2020-12-26,Sheffield United,Everton,0-1,0-0,17.0,5.0,11.0,0.0,420.0,43.8,,10.0,2.0,18.0,612.0,2.0,23.0,3.0,10.0,2.0,545.0,56.2,,7.0,3.0,13.0,741.0,4.0,0,1,0,0
https://www.premierleague.com/match/59044,20/21,2020-12-27,West Ham United,Brighton & Hove Albion,2-2,0-1,6.0,5.0,6.0,2.0,423.0,43.6,,11.0,4.0,14.0,589.0,,17.0,4.0,8.0,1.0,574.0,56.4,,13.0,4.0,11.0,748.0,,2,2,0,1
https://www.premierleague.com/match/59045,20/21,2020-12-27,Wolverhampton Wanderers,Tottenham Hotspur,1-1,0-1,6.0,9.0,20.0,2.0,542.0,54.8,,11.0,6.0,21.0,746.0,4.0,25.0,2.0,13.0,0.0,466.0,45.2,,6.0,3.0,14.0,644.0,1.0,1,1,0,1
https://www.premierleague.com/match/59046,20/21,2020-12-29,Brighton & Hove Albion,Arsenal,0-1,0-0,7.0,5.0,11.0,,492.0,49.7,,13.0,2.0,17.0,661.0,2.0,14.0,4.0,4.0,,511.0,50.3,,11.0,3.0,10.0,679.0,0.0,0,1,0,0
https://www.premierleague.com/match/59047,20/21,2020-12-29,Burnley,Sheffield United,1-0,1-0,27.0,3.0,13.0,2.0,322.0,37.1,,5.0,3.0,12.0,480.0,1.0,7.0,5.0,17.0,2.0,551.0,62.9,,7.0,3.0,13.0,716.0,2.0,1,0,1,0
https://www.premierleague.com/match/59048,20/21,2020-12-28,Chelsea,Aston Villa,1-1,1-0,17.0,11.0,16.0,1.0,550.0,63.4,,16.0,5.0,17.0,747.0,3.0,20.0,4.0,3.0,1.0,314.0,36.6,,10.0,2.0,19.0,532.0,1.0,1,1,1,0
https://www.premierleague.com/match/59049,20/21,2020-12-28,Crystal Palace,Leicester City,1-1,0-0,27.0,2.0,10.0,3.0,296.0,33.1,,4.0,1.0,18.0,496.0,0.0,11.0,5.0,7.0,2.0,607.0,66.9,,17.0,3.0,22.0,809.0,1.0,1,1,0,0
https://www.premierleague.com/match/59050,20/21,2021-02-17,Everton,Manchester City,1-3,1-1,28.0,0.0,8.0,,313.0,29.6,,3.0,2.0,18.0,469.0,2.0,6.0,10.0,8.0,,755.0,70.4,,16.0,7.0,11.0,923.0,1.0,1,3,1,1
https://www.premierleague.com/match/59051,20/21,2020-12-29,Manchester United,Wolverhampton Wanderers,1-0,0-0,5.0,2.0,11.0,4.0,611.0,58.2,,11.0,3.0,15.0,787.0,1.0,24.0,2.0,7.0,2.0,439.0,41.8,,9.0,5.0,16.0,607.0,1.0,1,0,0,0
https://www.premierleague.com/match/59052,20/21,2020-12-30,Newcastle United,Liverpool,0-0,0-0,52.0,5.0,9.0,2.0,241.0,26.9,,8.0,2.0,19.0,443.0,2.0,19.0,12.0,13.0,4.0,661.0,73.1,,11.0,4.0,10.0,875.0,3.0,0,0,0,0
https://www.premierleague.com/match/59053,20/21,2020-12-29,Southampton,West Ham United,0-0,0-0,11.0,4.0,16.0,2.0,576.0,62.6,,8.0,3.0,15.0,757.0,3.0,26.0,3.0,15.0,3.0,340.0,37.4,,8.0,3.0,15.0,532.0,1.0,0,0,0,0
https://www.premierleague.com/match/59054,20/21,2021-01-13,Tottenham Hotspur,Fulham,1-1,1-0,16.0,6.0,13.0,2.0,522.0,52.4,,15.0,6.0,14.0,720.0,1.0,20.0,5.0,15.0,2.0,467.0,47.6,,15.0,4.0,13.0,664.0,2.0,1,1,1,0
https://www.premierleague.com/match/59055,20/21,2020-12-29,West Bromwich Albion,Leeds United,0-5,0-4,24.0,3.0,7.0,1.0,238.0,24.4,,4.0,1.0,10.0,402.0,0.0,20.0,10.0,10.0,1.0,762.0,75.6,,14.0,6.0,13.0,931.0,1.0,0,5,0,4
https://www.premierleague.com/match/59056,20/21,2021-01-02,Brighton & Hove Albion,Wolverhampton Wanderers,3-3,1-3,11.0,5.0,13.0,1.0,548.0,54.5,,13.0,4.0,21.0,720.0,2.0,21.0,7.0,8.0,0.0,461.0,45.5,,11.0,4.0,13.0,647.0,1.0,3,3,1,3
https://www.premierleague.com/match/59057,20/21,2021-02-17,Burnley,Fulham,1-1,0-0,10.0,5.0,7.0,6,400.0,46.0,,8.0,3.0,10.0,585.0,1,30.0,5.0,13.0,0,477.0,54.0,,8.0,3.0,14.0,647.0,1,1,1,0,0
https://www.premierleague.com/match/59058,20/21,2021-01-03,Chelsea,Manchester City,1-3,0-3,5.0,5.0,11.0,2.0,654.0,54.6,,9.0,2.0,11.0,821.0,3.0,17.0,3.0,10.0,0.0,554.0,45.4,,18.0,6.0,18.0,720.0,1.0,1,3,0,3
https://www.premierleague.com/match/59059,20/21,2021-01-02,Crystal Palace,Sheffield United,2-0,2-0,23.0,3.0,8.0,0.0,414.0,44.4,,9.0,4.0,24.0,637.0,1.0,8.0,6.0,18.0,3.0,510.0,55.6,,7.0,2.0,22.0,734.0,3.0,2,0,2,0
https://www.premierleague.com/match/59060,20/21,2021-01-01,Everton,West Ham United,0-1,0-0,16.0,5.0,9.0,2,589.0,60.0,,10.0,2.0,15.0,763.0,2,21.0,4.0,7.0,0,392.0,40.0,,11.0,5.0,16.0,579.0,0,0,1,0,0
https://www.premierleague.com/match/59061,20/21,2021-01-01,Manchester United,Aston Villa,2-1,1-0,25.0,5.0,22.0,1.0,407.0,48.4,,19.0,9.0,11.0,588.0,4.0,18.0,10.0,10.0,1.0,417.0,51.6,,15.0,5.0,18.0,625.0,0.0,2,1,1,0
https://www.premierleague.com/match/59062,20/21,2021-01-03,Newcastle United,Leicester City,1-2,0-0,11.0,3.0,10.0,3.0,371.0,43.3,,8.0,2.0,16.0,557.0,0.0,22.0,6.0,11.0,3.0,492.0,56.7,,9.0,3.0,14.0,684.0,2.0,1,2,0,0
https://www.premierleague.com/match/59063,20/21,2021-01-04,Southampton,Liverpool,1-0,1-0,43.0,1.0,5.0,6,352.0,33.0,,7.0,3.0,18.0,572.0,1,3.0,10.0,12.0,1,675.0,67.0,,17.0,1.0,16.0,879.0,3,1,0,1,0
https://www.premierleague.com/match/59064,20/21,2021-01-02,Tottenham Hotspur,Leeds United,3-0,2-0,23.0,3.0,15.0,0.0,347.0,36.7,1.0,20.0,7.0,24.0,561.0,2.0,8.0,5.0,13.0,1.0,591.0,63.3,0.0,18.0,5.0,20.0,796.0,1.0,3,0,2,0
https://www.premierleague.com/match/59065,20/21,2021-01-02,West Bromwich Albion,Arsenal,0-4,0-2,19.0,3.0,7.0,3.0,374.0,38.1,,7.0,3.0,13.0,570.0,1.0,16.0,5.0,4.0,2.0,623.0,61.9,,21.0,12.0,14.0,817.0,2.0,0,4,0,2
https://www.premierleague.com/match/59066,20/21,2021-01-14,Arsenal,Crystal Palace,0-0,0-0,8.0,7.0,11.0,1.0,692.0,67.3,,11.0,4.0,17.0,875.0,1.0,24.0,3.0,11.0,1.0,339.0,32.7,,12.0,2.0,14.0,528.0,1.0,0,0,0,0
https://www.premierleague.com/match/59067,20/21,2021-03-21,Aston Villa,Tottenham Hotspur,0-2,0-1,17.0,5.0,18.0,1.0,416.0,50.1,,8.0,1.0,24.0,613.0,3.0,26.0,8.0,13.0,1.0,421.0,49.9,,9.0,3.0,18.0,646.0,2.0,0,2,0,1
https://www.premierleague.com/match/59068,20/21,2021-01-20,Fulham,Manchester United,1-2,1-1,29.0,2.0,6.0,1.0,400.0,38.4,,12.0,5.0,12.0,601.0,3.0,15.0,8.0,10.0,2.0,636.0,61.6,,15.0,5.0,18.0,841.0,1.0,1,2,1,1
https://www.premierleague.com/match/59069,20/21,2021-02-23,Leeds United,Southampton,3-0,0-0,20.0,2.0,11.0,1.0,319.0,46.7,,11.0,7.0,25.0,520.0,1.0,4.0,4.0,13.0,2.0,365.0,53.3,,13.0,5.0,18.0,582.0,2.0,3,0,0,0
https://www.premierleague.com/match/59070,20/21,2021-01-19,Leicester City,Chelsea,2-0,2-0,15.0,6.0,7.0,1.0,340.0,35.6,,8.0,6.0,19.0,526.0,1.0,17.0,3.0,16.0,3.0,636.0,64.4,,9.0,5.0,25.0,822.0,3.0,2,0,2,0
https://www.premierleague.com/match/59071,20/21,2021-01-12,Sheffield United,Newcastle United,1-0,0-0,16.0,5.0,13.0,2.0,559.0,66.2,0.0,17.0,4.0,11.0,755.0,2.0,32.0,2.0,12.0,2.0,283.0,33.8,1.0,7.0,3.0,15.0,466.0,3.0,1,0,0,0
https://www.premierleague.com/match/59072,20/21,2021-01-19,West Ham United,West Bromwich Albion,2-1,1-0,18.0,3.0,10.0,2,541.0,59.0,,14.0,6.0,5.0,728.0,0,23.0,1.0,10.0,0,375.0,41.0,,6.0,2.0,19.0,536.0,1,2,1,1,0
https://www.premierleague.com/match/59073,20/21,2021-01-12,Wolverhampton Wanderers,Everton,1-2,1-1,14.0,6.0,6.0,0.0,558.0,52.8,,12.0,3.0,14.0,727.0,2.0,23.0,5.0,11.0,1.0,500.0,47.2,,5.0,3.0,11.0,663.0,2.0,1,2,1,1
https://www.premierleague.com/match/59074,20/21,2021-01-21,Liverpool,Burnley,0-1,0-0,6.0,12.0,11.0,1.0,686.0,71.8,,27.0,6.0,6.0,857.0,2.0,52.0,0.0,8.0,6.0,274.0,28.2,,6.0,4.0,10.0,452.0,1.0,0,1,0,0
https://www.premierleague.com/match/59075,20/21,2021-01-13,Manchester City,Brighton & Hove Albion,1-0,1-0,13.0,8.0,4.0,2.0,726.0,65.1,,16.0,6.0,16.0,923.0,0.0,17.0,4.0,12.0,2.0,384.0,34.9,,5.0,1.0,21.0,544.0,2.0,1,0,1,0
https://www.premierleague.com/match/59076,20/21,2021-01-18,Arsenal,Newcastle United,3-0,0-0,12.0,7.0,9.0,4.0,634.0,66.4,,20.0,6.0,7.0,798.0,,10.0,2.0,8.0,1.0,323.0,33.6,,4.0,1.0,11.0,464.0,,3,0,0,0
https://www.premierleague.com/match/59077,20/21,2021-05-13,Aston Villa,Everton,0-0,0-0,16.0,9.0,9.0,0,502.0,58.0,,13.0,2.0,7.0,671.0,2,17.0,1.0,12.0,2,362.0,42.0,,15.0,5.0,9.0,514.0,1,0,0,0,0
https://www.premierleague.com/match/59078,20/21,2021-01-16,Fulham,Chelsea,0-1,0-0,33.0,1.0,11.0,1.0,328.0,30.2,1.0,10.0,3.0,20.0,557.0,2.0,12.0,12.0,10.0,3.0,757.0,69.8,0.0,21.0,6.0,17.0,967.0,3.0,0,1,0,0
https://www.premierleague.com/match/59079,20/21,2021-01-16,Leeds United,Brighton & Hove Albion,0-1,0-1,13.0,5.0,8.0,3.0,601.0,66.6,,7.0,2.0,13.0,795.0,1.0,23.0,2.0,9.0,0.0,305.0,33.4,,7.0,2.0,10.0,480.0,1.0,0,1,0,1
https://www.premierleague.com/match/59080,20/21,2021-01-16,Leicester City,Southampton,2-0,1-0,21.0,2.0,10.0,5.0,445.0,47.4,,16.0,5.0,22.0,644.0,2.0,13.0,5.0,11.0,1.0,493.0,52.6,,8.0,3.0,13.0,699.0,2.0,2,0,1,0
https://www.premierleague.com/match/59081,20/21,2021-01-17,Liverpool,Manchester United,0-0,0-0,11.0,7.0,15.0,1.0,667.0,65.7,,17.0,3.0,16.0,865.0,2.0,33.0,3.0,6.0,8.0,344.0,34.3,,8.0,4.0,20.0,549.0,1.0,0,0,0,0
https://www.premierleague.com/match/59082,20/21,2021-01-17,Manchester City,Crystal Palace,4-0,1-0,4.0,11.0,9.0,,747.0,72.2,,13.0,6.0,18.0,919.0,,29.0,1.0,8.0,,288.0,27.8,,2.0,0.0,15.0,456.0,,4,0,1,0
https://www.premierleague.com/match/59083,20/21,2021-01-17,Sheffield United,Tottenham Hotspur,1-3,0-2,21.0,5.0,13.0,4,413.0,42.0,,15.0,5.0,19.0,616.0,4,17.0,7.0,4.0,1,580.0,58.0,,14.0,5.0,17.0,776.0,0,1,3,0,2
https://www.premierleague.com/match/59084,20/21,2021-01-16,West Ham United,Burnley,1-0,1-0,28.0,7.0,12.0,5.0,364.0,44.8,,15.0,4.0,8.0,576.0,2.0,25.0,4.0,9.0,1.0,454.0,55.2,,10.0,2.0,13.0,645.0,1.0,1,0,1,0
https://www.premierleague.com/match/59085,20/21,2021-01-16,Wolverhampton Wanderers,West Bromwich Albion,2-3,2-1,8.0,11.0,10.0,0.0,549.0,67.8,,23.0,6.0,12.0,761.0,2.0,32.0,0.0,14.0,2.0,270.0,32.2,,12.0,5.0,19.0,452.0,1.0,2,3,2,1
https://www.premierleague.com/match/59086,20/21,2021-01-27,Brighton & Hove Albion,Fulham,0-0,0-0,6.0,10.0,10.0,3.0,411.0,49.5,,16.0,5.0,23.0,627.0,2.0,20.0,0.0,14.0,0.0,439.0,50.5,,10.0,3.0,12.0,646.0,1.0,0,0,0,0
https://www.premierleague.com/match/59087,20/21,2021-01-27,Burnley,Aston Villa,3-2,0-1,20.0,2.0,16.0,3.0,290.0,38.2,,10.0,5.0,22.0,461.0,1.0,16.0,4.0,7.0,2.0,475.0,61.8,,18.0,10.0,6.0,662.0,0.0,3,2,0,1
https://www.premierleague.com/match/59088,20/21,2021-01-27,Everton,Leicester City,1-1,1-0,23.0,5.0,12.0,2,298.0,35.0,,8.0,2.0,14.0,502.0,1,20.0,11.0,10.0,1,573.0,65.0,,19.0,6.0,19.0,769.0,1,1,1,1,0
https://www.premierleague.com/match/59089,20/21,2021-01-27,Manchester United,Sheffield United,1-2,0-1,8.0,7.0,10.0,0.0,803.0,75.8,,16.0,4.0,21.0,986.0,1.0,28.0,2.0,12.0,5.0,257.0,24.2,,5.0,3.0,15.0,435.0,1.0,1,2,0,1
https://www.premierleague.com/match/59090,20/21,2021-01-26,West Bromwich Albion,Manchester City,0-5,0-4,24.0,3.0,8.0,0.0,247.0,22.3,,4.0,1.0,13.0,391.0,2.0,15.0,8.0,8.0,1.0,888.0,77.7,,18.0,7.0,8.0,1045.0,0.0,0,5,0,4
https://www.premierleague.com/match/59091,20/21,2021-01-27,Chelsea,Wolverhampton Wanderers,0-0,0-0,8.0,12.0,14.0,2.0,898.0,78.9,,14.0,5.0,15.0,1047.0,1.0,30.0,1.0,7.0,0.0,242.0,21.1,,4.0,0.0,5.0,403.0,1.0,0,0,0,0
https://www.premierleague.com/match/59092,20/21,2021-01-26,Crystal Palace,West Ham United,2-3,1-2,9.0,3.0,9.0,0.0,536.0,54.2,,6.0,3.0,17.0,723.0,,16.0,4.0,8.0,2.0,460.0,45.8,,17.0,7.0,18.0,641.0,,2,3,1,2
https://www.premierleague.com/match/59093,20/21,2021-01-26,Newcastle United,Leeds United,1-2,0-1,20.0,9.0,10.0,1.0,313.0,42.3,,22.0,5.0,11.0,515.0,1.0,21.0,4.0,15.0,0.0,450.0,57.7,,9.0,2.0,15.0,627.0,3.0,1,2,0,1
https://www.premierleague.com/match/59094,20/21,2021-01-26,Southampton,Arsenal,1-3,1-2,17.0,4.0,11.0,2,493.0,58.0,,13.0,5.0,17.0,685.0,1,15.0,5.0,6.0,2,353.0,42.0,,9.0,5.0,15.0,536.0,2,1,3,1,2
https://www.premierleague.com/match/59095,20/21,2021-01-28,Tottenham Hotspur,Liverpool,1-3,0-1,18.0,1.0,9.0,2.0,592.0,49.8,,3.0,2.0,14.0,745.0,1.0,12.0,2.0,11.0,2.0,587.0,50.2,,14.0,7.0,10.0,756.0,2.0,1,3,0,1
https://www.premierleague.com/match/59096,20/21,2021-01-30,Arsenal,Manchester United,0-0,0-0,21.0,4.0,9.0,0.0,436.0,43.3,,17.0,3.0,13.0,606.0,1.0,13.0,7.0,16.0,2.0,566.0,56.7,,14.0,3.0,10.0,748.0,3.0,0,0,0,0
https://www.premierleague.com/match/59097,20/21,2021-01-31,Brighton & Hove Albion,Tottenham Hotspur,1-0,1-0,15.0,9.0,11.0,1.0,407.0,43.2,,16.0,5.0,19.0,619.0,2.0,22.0,2.0,11.0,1.0,556.0,56.8,,8.0,4.0,13.0,746.0,1.0,1,0,1,0
https://www.premierleague.com/match/59098,20/21,2021-01-31,Chelsea,Burnley,2-0,1-0,17.0,4.0,7.0,2.0,723.0,71.1,,19.0,8.0,13.0,890.0,0.0,21.0,2.0,9.0,2.0,287.0,28.9,,1.0,0.0,15.0,445.0,1.0,2,0,1,0
https://www.premierleague.com/match/59099,20/21,2021-01-30,Crystal Palace,Wolverhampton Wanderers,1-0,0-0,15.0,1.0,7.0,1.0,518.0,47.3,,11.0,2.0,14.0,682.0,1.0,11.0,6.0,10.0,1.0,560.0,52.7,,6.0,4.0,25.0,730.0,2.0,1,0,0,0
https://www.premierleague.com/match/59100,20/21,2021-01-30,Everton,Newcastle United,0-2,0-0,26.0,7.0,13.0,4.0,488.0,60.9,,11.0,3.0,17.0,679.0,3.0,27.0,12.0,6.0,0.0,301.0,39.1,,13.0,3.0,14.0,499.0,4.0,0,2,0,0
https://www.premierleague.com/match/59101,20/21,2021-01-31,Leicester City,Leeds United,1-3,1-1,7.0,5.0,17.0,2.0,404.0,50.8,,18.0,8.0,15.0,621.0,0.0,19.0,4.0,16.0,2.0,389.0,49.2,,8.0,7.0,27.0,611.0,3.0,1,3,1,1
https://www.premierleague.com/match/59102,20/21,2021-01-30,Manchester City,Sheffield United,1-0,1-0,6.0,10.0,7.0,0,805.0,75.0,,10.0,5.0,12.0,942.0,0,22.0,0.0,10.0,1,273.0,25.0,,4.0,1.0,15.0,416.0,3,1,0,1,0
https://www.premierleague.com/match/59103,20/21,2021-01-30,Southampton,Aston Villa,0-1,0-1,11.0,7.0,12.0,4.0,487.0,59.8,,20.0,5.0,24.0,695.0,1.0,22.0,1.0,11.0,5.0,336.0,40.2,,8.0,4.0,23.0,535.0,0.0,0,1,0,1
https://www.premierleague.com/match/59104,20/21,2021-01-30,West Bromwich Albion,Fulham,2-2,0-1,20.0,2.0,9.0,1.0,336.0,37.5,,5.0,3.0,13.0,504.0,1.0,17.0,3.0,10.0,1.0,574.0,62.5,,12.0,7.0,8.0,742.0,0.0,2,2,0,1
https://www.premierleague.com/match/59105,20/21,2021-01-31,West Ham United,Liverpool,1-3,0-0,12.0,6.0,7.0,2.0,365.0,32.8,,8.0,2.0,15.0,524.0,2.0,13.0,4.0,8.0,1.0,785.0,67.2,,14.0,5.0,13.0,927.0,0.0,1,3,0,0
https://www.premierleague.com/match/59106,20/21,2021-02-03,Aston Villa,West Ham United,1-3,0-0,14.0,7.0,11.0,1.0,480.0,56.5,,9.0,2.0,13.0,671.0,1.0,23.0,3.0,16.0,1.0,376.0,43.5,,20.0,10.0,15.0,543.0,1.0,1,3,0,0
https://www.premierleague.com/match/59107,20/21,2021-02-03,Burnley,Manchester City,0-2,0-2,17.0,1.0,8.0,3.0,271.0,25.7,,2.0,0.0,17.0,395.0,2.0,13.0,3.0,5.0,2.0,804.0,74.3,,13.0,6.0,8.0,943.0,1.0,0,2,0,2
https://www.premierleague.com/match/59108,20/21,2021-02-03,Fulham,Leicester City,0-2,0-2,16.0,5.0,17.0,1.0,598.0,57.5,,8.0,1.0,22.0,802.0,3.0,23.0,2.0,10.0,3.0,447.0,42.5,,9.0,5.0,18.0,651.0,1.0,0,2,0,2
https://www.premierleague.com/match/59109,20/21,2021-02-03,Leeds United,Everton,1-2,0-2,11.0,7.0,12.0,0.0,561.0,63.2,,16.0,7.0,16.0,767.0,2.0,33.0,1.0,12.0,1.0,331.0,36.8,,10.0,6.0,13.0,543.0,3.0,1,2,0,2
https://www.premierleague.com/match/59110,20/21,2021-02-02,Manchester United,Southampton,9-0,4-0,4.0,5.0,11.0,3.0,626.0,74.6,0.0,24.0,14.0,13.0,784.0,2.0,30.0,3.0,6.0,2.0,215.0,25.4,2.0,3.0,1.0,20.0,385.0,3.0,9,0,4,0
https://www.premierleague.com/match/59111,20/21,2021-02-02,Sheffield United,West Bromwich Albion,2-1,0-1,22.0,9.0,11.0,0.0,593.0,68.3,,14.0,6.0,20.0,800.0,2.0,25.0,2.0,9.0,3.0,268.0,31.7,,8.0,4.0,18.0,464.0,1.0,2,1,0,1
https://www.premierleague.com/match/59112,20/21,2021-02-02,Wolverhampton Wanderers,Arsenal,2-1,1-1,17.0,9.0,11.0,1.0,576.0,54.6,0.0,11.0,7.0,10.0,745.0,3.0,25.0,6.0,8.0,3.0,488.0,45.4,2.0,9.0,3.0,13.0,639.0,2.0,2,1,1,1
https://www.premierleague.com/match/59113,20/21,2021-02-03,Liverpool,Brighton & Hove Albion,0-1,0-0,15.0,5.0,12.0,0.0,697.0,63.4,,11.0,1.0,12.0,886.0,1.0,29.0,3.0,6.0,3.0,404.0,36.6,,13.0,4.0,13.0,590.0,0.0,0,1,0,0
https://www.premierleague.com/match/59114,20/21,2021-02-02,Newcastle United,Crystal Palace,1-2,1-2,8.0,9.0,14.0,1.0,610.0,61.3,,21.0,5.0,12.0,794.0,1.0,21.0,1.0,11.0,2.0,397.0,38.7,,6.0,3.0,14.0,570.0,3.0,1,2,1,2
https://www.premierleague.com/match/59115,20/21,2021-02-04,Tottenham Hotspur,Chelsea,0-1,0-1,19.0,2.0,20.0,0,457.0,42.0,,7.0,2.0,13.0,620.0,2,13.0,7.0,14.0,3,630.0,58.0,,16.0,2.0,10.0,804.0,3,0,1,0,1
https://www.premierleague.com/match/59116,20/21,2021-02-06,Aston Villa,Arsenal,1-0,1-0,27.0,3.0,12.0,1.0,316.0,33.6,,12.0,8.0,18.0,508.0,3.0,9.0,7.0,12.0,0.0,597.0,66.4,,14.0,3.0,12.0,793.0,2.0,1,0,1,0
https://www.premierleague.com/match/59117,20/21,2021-02-06,Burnley,Brighton & Hove Albion,1-1,0-1,12.0,8.0,8.0,3.0,444.0,54.5,,20.0,7.0,8.0,625.0,2.0,20.0,7.0,10.0,0.0,379.0,45.5,,10.0,2.0,7.0,537.0,0.0,1,1,0,1
https://www.premierleague.com/match/59118,20/21,2021-02-06,Fulham,West Ham United,0-0,0-0,11.0,7.0,11.0,1.0,550.0,60.6,0.0,20.0,2.0,13.0,722.0,1.0,24.0,3.0,10.0,4.0,354.0,39.4,1.0,8.0,1.0,9.0,524.0,3.0,0,0,0,0
https://www.premierleague.com/match/59119,20/21,2021-02-08,Leeds United,Crystal Palace,2-0,1-0,11.0,5.0,7.0,1.0,714.0,68.2,,17.0,7.0,22.0,883.0,0.0,18.0,3.0,8.0,1.0,332.0,31.8,,8.0,3.0,11.0,501.0,2.0,2,0,1,0
https://www.premierleague.com/match/59120,20/21,2021-02-07,Liverpool,Manchester City,1-4,0-0,9.0,6.0,13.0,1.0,649.0,55.9,,8.0,3.0,18.0,823.0,2.0,24.0,1.0,8.0,2.0,519.0,44.1,,8.0,5.0,20.0,703.0,1.0,1,4,0,0
https://www.premierleague.com/match/59121,20/21,2021-02-06,Manchester United,Everton,3-3,2-0,9.0,5.0,14.0,0,653.0,62.0,,14.0,5.0,14.0,820.0,2,21.0,1.0,10.0,4,397.0,38.0,,6.0,3.0,16.0,573.0,1,3,3,2,0
https://www.premierleague.com/match/59122,20/21,2021-02-06,Newcastle United,Southampton,3-2,3-1,35.0,0.0,11.0,3.0,221.0,26.2,1.0,6.0,4.0,16.0,411.0,2.0,9.0,7.0,14.0,5.0,610.0,73.8,0.0,14.0,5.0,17.0,788.0,1.0,3,2,3,1
https://www.premierleague.com/match/59123,20/21,2021-02-07,Sheffield United,Chelsea,1-2,0-1,15.0,1.0,8.0,2.0,338.0,31.1,,8.0,3.0,18.0,519.0,1.0,19.0,8.0,8.0,2.0,756.0,68.9,,9.0,3.0,17.0,938.0,0.0,1,2,0,1
https://www.premierleague.com/match/59124,20/21,2021-02-07,Tottenham Hotspur,West Bromwich Albion,2-0,0-0,8.0,8.0,16.0,1.0,589.0,65.6,,13.0,6.0,17.0,763.0,1.0,30.0,0.0,12.0,4.0,303.0,34.4,,4.0,1.0,24.0,492.0,2.0,2,0,0,0
https://www.premierleague.com/match/59125,20/21,2021-02-07,Wolverhampton Wanderers,Leicester City,0-0,0-0,14.0,8.0,11.0,0.0,429.0,43.9,,13.0,1.0,19.0,635.0,1.0,22.0,2.0,15.0,1.0,567.0,56.1,,13.0,3.0,19.0,761.0,3.0,0,0,0,0
https://www.premierleague.com/match/59126,20/21,2021-02-14,Arsenal,Leeds United,4-2,3-0,15.0,4.0,8.0,2.0,423.0,45.9,,13.0,5.0,5.0,596.0,0.0,9.0,5.0,17.0,0.0,498.0,54.1,,9.0,5.0,10.0,655.0,2.0,4,2,3,0
https://www.premierleague.com/match/59127,20/21,2021-02-13,Brighton & Hove Albion,Aston Villa,0-0,0-0,12.0,9.0,16.0,0.0,509.0,58.2,,26.0,9.0,11.0,681.0,2.0,24.0,2.0,12.0,3.0,372.0,41.8,,4.0,1.0,10.0,555.0,3.0,0,0,0,0
https://www.premierleague.com/match/59128,20/21,2021-02-15,Chelsea,Newcastle United,2-0,2-0,17.0,10.0,9.0,0.0,564.0,65.6,,18.0,6.0,19.0,752.0,,18.0,5.0,13.0,2.0,289.0,34.4,,10.0,4.0,16.0,482.0,,2,0,2,0
https://www.premierleague.com/match/59129,20/21,2021-02-13,Crystal Palace,Burnley,0-3,0-2,12.0,7.0,15.0,3.0,427.0,53.3,,13.0,3.0,16.0,636.0,,22.0,4.0,14.0,1.0,390.0,46.7,,16.0,4.0,17.0,577.0,,0,3,0,2
https://www.premierleague.com/match/59130,20/21,2021-02-14,Everton,Fulham,0-2,0-0,14.0,5.0,7.0,3.0,534.0,49.7,,7.0,2.0,17.0,700.0,1.0,24.0,4.0,16.0,2.0,545.0,50.3,,12.0,3.0,10.0,722.0,1.0,0,2,0,0
https://www.premierleague.com/match/59131,20/21,2021-02-13,Leicester City,Liverpool,3-1,0-0,38.0,2.0,7.0,2,357.0,38.0,,11.0,6.0,23.0,585.0,1,4.0,12.0,6.0,1,561.0,62.0,,15.0,4.0,23.0,796.0,2,3,1,0,0
https://www.premierleague.com/match/59132,20/21,2021-02-13,Manchester City,Tottenham Hotspur,3-0,1-0,7.0,4.0,12.0,1.0,698.0,60.4,,15.0,6.0,21.0,876.0,1.0,14.0,2.0,13.0,0.0,456.0,39.6,,7.0,3.0,23.0,623.0,3.0,3,0,1,0
https://www.premierleague.com/match/59133,20/21,2021-02-14,Southampton,Wolverhampton Wanderers,1-2,1-0,15.0,4.0,10.0,6.0,476.0,51.1,,7.0,3.0,23.0,660.0,2.0,13.0,6.0,9.0,1.0,448.0,48.9,,10.0,4.0,9.0,630.0,2.0,1,2,1,0
https://www.premierleague.com/match/59134,20/21,2021-02-14,West Bromwich Albion,Manchester United,1-1,1-1,29.0,4.0,13.0,2.0,253.0,26.9,,7.0,3.0,14.0,432.0,5.0,9.0,5.0,10.0,3.0,707.0,73.1,,10.0,7.0,10.0,873.0,0.0,1,1,1,1
https://www.premierleague.com/match/59135,20/21,2021-02-15,West Ham United,Sheffield United,3-0,1-0,19.0,7.0,11.0,1.0,429.0,45.9,,13.0,9.0,9.0,588.0,0.0,19.0,7.0,12.0,1.0,500.0,54.1,,8.0,5.0,18.0,672.0,2.0,3,0,1,0
https://www.premierleague.com/match/59136,20/21,2021-02-21,Arsenal,Manchester City,0-1,0-1,12.0,1.0,11.0,1,479.0,45.0,,7.0,1.0,8.0,608.0,2,17.0,3.0,9.0,3,599.0,55.0,,15.0,3.0,5.0,738.0,2,0,1,0,1
https://www.premierleague.com/match/59137,20/21,2021-02-21,Aston Villa,Leicester City,1-2,0-2,9.0,7.0,11.0,4.0,430.0,49.9,,11.0,2.0,17.0,634.0,2.0,23.0,8.0,12.0,1.0,450.0,50.1,,16.0,7.0,16.0,627.0,1.0,1,2,0,2
https://www.premierleague.com/match/59138,20/21,2021-02-22,Brighton & Hove Albion,Crystal Palace,1-2,0-1,4.0,13.0,11.0,3.0,715.0,74.5,,25.0,5.0,11.0,912.0,2.0,32.0,0.0,6.0,1.0,250.0,25.5,,3.0,2.0,22.0,433.0,0.0,1,2,0,1
https://www.premierleague.com/match/59139,20/21,2021-02-20,Burnley,West Bromwich Albion,0-0,0-0,16.0,5.0,16.0,4.0,433.0,62.1,0.0,6.0,1.0,17.0,615.0,3.0,24.0,5.0,10.0,3.0,267.0,37.9,1.0,10.0,3.0,16.0,436.0,0.0,0,0,0,0
https://www.premierleague.com/match/59140,20/21,2021-02-20,Fulham,Sheffield United,1-0,0-0,19.0,6.0,11.0,1.0,597.0,65.1,,15.0,7.0,6.0,800.0,1.0,23.0,4.0,14.0,3.0,321.0,34.9,,4.0,2.0,20.0,495.0,2.0,1,0,0,0
https://www.premierleague.com/match/59141,20/21,2021-02-20,Liverpool,Everton,0-2,0-1,10.0,7.0,10.0,2.0,693.0,71.4,,15.0,6.0,16.0,898.0,2.0,32.0,2.0,10.0,2.0,279.0,28.6,,9.0,6.0,21.0,452.0,1.0,0,2,0,1
https://www.premierleague.com/match/59142,20/21,2021-02-21,Manchester United,Newcastle United,3-1,1-1,12.0,6.0,9.0,2.0,692.0,71.6,,15.0,7.0,11.0,861.0,1.0,15.0,4.0,11.0,1.0,270.0,28.4,,10.0,6.0,16.0,434.0,2.0,3,1,1,1
https://www.premierleague.com/match/59143,20/21,2021-02-20,Southampton,Chelsea,1-1,1-0,18.0,3.0,10.0,0.0,295.0,29.1,,4.0,1.0,17.0,486.0,1.0,6.0,6.0,10.0,4.0,727.0,70.9,,9.0,3.0,22.0,915.0,1.0,1,1,1,0
https://www.premierleague.com/match/59144,20/21,2021-02-21,West Ham United,Tottenham Hotspur,2-1,1-0,27.0,5.0,14.0,1.0,253.0,30.8,,4.0,4.0,23.0,447.0,4.0,15.0,7.0,7.0,0.0,569.0,69.2,,20.0,4.0,16.0,764.0,3.0,2,1,1,0
https://www.premierleague.com/match/59145,20/21,2021-02-19,Wolverhampton Wanderers,Leeds United,1-0,0-0,12.0,7.0,13.0,1,308.0,41.0,,15.0,5.0,17.0,500.0,1,14.0,9.0,8.0,1,440.0,59.0,,18.0,7.0,18.0,629.0,0,1,0,0,0
https://www.premierleague.com/match/59146,20/21,2021-02-28,Chelsea,Manchester United,0-0,0-0,20.0,3.0,11.0,1.0,608.0,57.4,,18.0,6.0,24.0,819.0,1.0,17.0,4.0,12.0,3.0,445.0,42.6,,11.0,4.0,14.0,636.0,2.0,0,0,0,0
https://www.premierleague.com/match/59147,20/21,2021-02-28,Crystal Palace,Fulham,0-0,0-0,14.0,1.0,10.0,1.0,364.0,40.4,,3.0,0.0,20.0,568.0,1.0,16.0,3.0,14.0,0.0,540.0,59.6,,16.0,4.0,18.0,737.0,1.0,0,0,0,0
https://www.premierleague.com/match/59148,20/21,2021-03-01,Everton,Southampton,1-0,1-0,23.0,4.0,13.0,4.0,410.0,46.6,,7.0,1.0,20.0,617.0,0.0,13.0,10.0,9.0,0.0,462.0,53.4,,9.0,1.0,26.0,676.0,2.0,1,0,1,0
https://www.premierleague.com/match/59149,20/21,2021-02-27,Leeds United,Aston Villa,0-1,0-1,6.0,7.0,14.0,,517.0,69.2,,13.0,3.0,18.0,701.0,3.0,21.0,5.0,14.0,,227.0,30.8,,9.0,4.0,16.0,431.0,2.0,0,1,0,1
https://www.premierleague.com/match/59150,20/21,2021-02-28,Leicester City,Arsenal,1-3,1-2,15.0,2.0,15.0,0.0,408.0,44.2,,8.0,3.0,21.0,563.0,2.0,10.0,7.0,3.0,1.0,507.0,55.8,,12.0,4.0,9.0,690.0,1.0,1,3,1,2
https://www.premierleague.com/match/59151,20/21,2021-02-27,Manchester City,West Ham United,2-1,1-1,10.0,4.0,8.0,2.0,675.0,63.2,,10.0,3.0,11.0,834.0,1.0,18.0,2.0,11.0,1.0,394.0,36.8,,9.0,3.0,13.0,532.0,1.0,2,1,1,1
https://www.premierleague.com/match/59152,20/21,2021-02-27,Newcastle United,Wolverhampton Wanderers,1-1,0-0,15.0,3.0,11.0,2.0,388.0,47.6,,19.0,7.0,18.0,579.0,2.0,13.0,5.0,13.0,0.0,423.0,52.4,,14.0,4.0,14.0,600.0,0.0,1,1,0,0
https://www.premierleague.com/match/59153,20/21,2021-02-28,Sheffield United,Liverpool,0-2,0-0,17.0,4.0,9.0,3.0,406.0,39.3,,8.0,2.0,11.0,579.0,,15.0,3.0,9.0,1.0,638.0,60.7,,16.0,8.0,12.0,802.0,,0,2,0,0
https://www.premierleague.com/match/59154,20/21,2021-02-28,Tottenham Hotspur,Burnley,4-0,3-0,26.0,3.0,6.0,,633.0,58.3,,16.0,7.0,12.0,815.0,,12.0,4.0,10.0,,439.0,41.7,,10.0,3.0,11.0,593.0,,4,0,3,0
https://www.premierleague.com/match/59155,20/21,2021-02-27,West Bromwich Albion,Brighton & Hove Albion,1-0,1-0,16.0,7.0,11.0,1.0,230.0,29.9,,6.0,2.0,13.0,424.0,0.0,19.0,4.0,13.0,0.0,553.0,70.1,,15.0,6.0,21.0,738.0,1.0,1,0,1,0
https://www.premierleague.com/match/59156,20/21,2021-03-06,Aston Villa,Wolverhampton Wanderers,0-0,0-0,16.0,5.0,13.0,3.0,410.0,49.2,,9.0,1.0,23.0,585.0,1.0,29.0,3.0,13.0,0.0,424.0,50.8,,10.0,2.0,12.0,621.0,0.0,0,0,0,0
https://www.premierleague.com/match/59157,20/21,2021-03-06,Brighton & Hove Albion,Leicester City,1-2,1-0,5.0,6.0,14.0,4.0,340.0,36.6,,7.0,2.0,30.0,549.0,0.0,16.0,6.0,8.0,1.0,616.0,63.4,,8.0,4.0,23.0,829.0,1.0,1,2,1,0
https://www.premierleague.com/match/59158,20/21,2021-03-06,Burnley,Arsenal,1-1,1-1,16.0,2.0,5.0,2.0,419.0,41.1,1.0,9.0,5.0,15.0,589.0,1.0,17.0,3.0,12.0,2.0,595.0,58.9,0.0,15.0,3.0,12.0,770.0,1.0,1,1,1,1
https://www.premierleague.com/match/59159,20/21,2021-03-08,Chelsea,Everton,2-0,1-0,11.0,7.0,11.0,1.0,713.0,65.5,,19.0,9.0,18.0,882.0,0.0,11.0,3.0,12.0,0.0,369.0,34.5,,7.0,1.0,10.0,521.0,3.0,2,0,1,0
https://www.premierleague.com/match/59160,20/21,2021-03-07,Liverpool,Fulham,0-1,0-1,13.0,9.0,10.0,3.0,708.0,63.1,,16.0,3.0,13.0,893.0,2.0,42.0,4.0,8.0,1.0,414.0,36.9,,10.0,3.0,15.0,629.0,3.0,0,1,0,1
https://www.premierleague.com/match/59161,20/21,2021-03-07,Manchester City,Manchester United,0-2,0-1,7.0,6.0,9.0,0.0,715.0,65.9,,23.0,6.0,17.0,915.0,0.0,20.0,2.0,12.0,1.0,374.0,34.1,,8.0,6.0,13.0,547.0,3.0,0,2,0,1
https://www.premierleague.com/match/59162,20/21,2021-03-06,Sheffield United,Southampton,0-2,0-1,21.0,7.0,17.0,2.0,393.0,50.9,,8.0,2.0,16.0,589.0,4.0,23.0,3.0,11.0,2.0,390.0,49.1,,15.0,7.0,17.0,593.0,3.0,0,2,0,1
https://www.premierleague.com/match/59163,20/21,2021-03-07,Tottenham Hotspur,Crystal Palace,4-1,1-1,20.0,1.0,8.0,1.0,690.0,64.2,,12.0,5.0,27.0,887.0,2.0,11.0,5.0,17.0,4.0,373.0,35.8,,5.0,1.0,18.0,545.0,3.0,4,1,1,1
https://www.premierleague.com/match/59164,20/21,2021-03-07,West Bromwich Albion,Newcastle United,0-0,0-0,21.0,9.0,11.0,1.0,396.0,52.8,,13.0,3.0,11.0,619.0,,30.0,7.0,10.0,1.0,365.0,47.2,,9.0,5.0,17.0,561.0,,0,0,0,0
https://www.premierleague.com/match/59165,20/21,2021-03-08,West Ham United,Leeds United,2-0,2-0,17.0,6.0,9.0,1.0,276.0,34.7,,16.0,5.0,14.0,458.0,1.0,11.0,6.0,9.0,1.0,528.0,65.3,,17.0,2.0,19.0,721.0,1.0,2,0,2,0
https://www.premierleague.com/match/59166,20/21,2021-03-14,Arsenal,Tottenham Hotspur,2-1,1-1,8.0,6.0,12.0,0.0,519.0,52.6,0.0,13.0,3.0,20.0,697.0,1.0,24.0,3.0,14.0,1.0,482.0,47.4,1.0,6.0,3.0,18.0,662.0,2.0,2,1,1,1
https://www.premierleague.com/match/59167,20/21,2021-03-13,Crystal Palace,West Bromwich Albion,1-0,1-0,32.0,3.0,16.0,1.0,324.0,44.3,,6.0,4.0,17.0,527.0,3.0,20.0,2.0,15.0,1.0,397.0,55.7,,12.0,1.0,19.0,614.0,1.0,1,0,1,0
https://www.premierleague.com/match/59168,20/21,2021-03-13,Everton,Burnley,1-2,1-2,12.0,7.0,9.0,2.0,547.0,65.5,,14.0,4.0,8.0,721.0,0.0,28.0,4.0,6.0,1.0,291.0,34.5,,14.0,5.0,6.0,480.0,4.0,1,2,1,2
https://www.premierleague.com/match/59169,20/21,2021-03-13,Fulham,Manchester City,0-3,0-0,7.0,4.0,14.0,1.0,444.0,46.1,,3.0,0.0,22.0,632.0,,15.0,2.0,13.0,3.0,529.0,53.9,,8.0,7.0,20.0,724.0,,0,3,0,0
https://www.premierleague.com/match/59170,20/21,2021-03-13,Leeds United,Chelsea,0-0,0-0,14.0,8.0,16.0,5.0,330.0,37.7,,7.0,4.0,13.0,545.0,3.0,20.0,5.0,6.0,3.0,588.0,62.3,,15.0,8.0,17.0,797.0,0.0,0,0,0,0
https://www.premierleague.com/match/59171,20/21,2021-03-14,Leicester City,Sheffield United,5-0,1-0,10.0,9.0,10.0,2.0,750.0,71.7,,19.0,10.0,19.0,928.0,0.0,20.0,1.0,9.0,0.0,291.0,28.3,,1.0,0.0,14.0,457.0,2.0,5,0,1,0
https://www.premierleague.com/match/59172,20/21,2021-03-14,Manchester United,West Ham United,1-0,0-0,14.0,6.0,12.0,0.0,684.0,61.8,,15.0,4.0,13.0,843.0,4.0,26.0,2.0,2.0,2.0,411.0,38.2,,7.0,0.0,13.0,595.0,0.0,1,0,0,0
https://www.premierleague.com/match/59173,20/21,2021-03-12,Newcastle United,Aston Villa,1-1,0-0,18.0,2.0,10.0,0.0,392.0,49.2,,12.0,3.0,20.0,595.0,2.0,30.0,2.0,10.0,4.0,411.0,50.8,,15.0,6.0,16.0,635.0,3.0,1,1,0,0
https://www.premierleague.com/match/59174,20/21,2021-03-14,Southampton,Brighton & Hove Albion,1-2,1-1,18.0,4.0,11.0,1.0,492.0,59.4,,9.0,4.0,13.0,690.0,,22.0,5.0,10.0,1.0,330.0,40.6,,8.0,6.0,24.0,535.0,,1,2,1,1
https://www.premierleague.com/match/59175,20/21,2021-03-15,Wolverhampton Wanderers,Liverpool,0-1,0-1,13.0,3.0,17.0,2.0,508.0,52.7,,10.0,5.0,18.0,714.0,2.0,26.0,2.0,10.0,1.0,467.0,47.3,,12.0,4.0,14.0,667.0,1.0,0,1,0,1
https://www.premierleague.com/match/59176,20/21,2021-03-20,Brighton & Hove Albion,Newcastle United,3-0,1-0,4.0,3.0,12.0,2.0,728.0,65.3,,11.0,6.0,16.0,867.0,0.0,15.0,1.0,5.0,1.0,382.0,34.7,,3.0,1.0,11.0,532.0,1.0,3,0,1,0
https://www.premierleague.com/match/59177,20/21,2021-03-03,Burnley,Leicester City,1-1,1-1,13.0,5.0,6.0,3.0,351.0,38.9,,12.0,7.0,8.0,522.0,0.0,31.0,8.0,12.0,2.0,571.0,61.1,,16.0,4.0,9.0,746.0,2.0,1,1,1,1
https://www.premierleague.com/match/59178,20/21,2021-03-03,Crystal Palace,Manchester United,0-0,0-0,25.0,4.0,4.0,1,353.0,37.0,,8.0,2.0,19.0,544.0,1,11.0,6.0,13.0,2,600.0,63.0,,11.0,1.0,6.0,781.0,0,0,0,0,0
https://www.premierleague.com/match/59179,20/21,2021-03-19,Fulham,Leeds United,1-2,1-1,32.0,13.0,13.0,1.0,339.0,51.2,,13.0,6.0,20.0,590.0,2.0,39.0,7.0,12.0,4.0,319.0,48.8,,13.0,4.0,25.0,573.0,2.0,1,2,1,1
https://www.premierleague.com/match/59180,20/21,2021-03-04,Liverpool,Chelsea,0-1,0-1,14.0,5.0,9.0,1.0,656.0,54.2,,7.0,1.0,14.0,853.0,,30.0,2.0,8.0,4.0,549.0,45.8,,11.0,5.0,19.0,738.0,,0,1,0,1
https://www.premierleague.com/match/59181,20/21,2021-03-02,Manchester City,Wolverhampton Wanderers,4-1,1-0,2.0,10.0,9.0,3.0,798.0,72.1,,22.0,10.0,14.0,954.0,0.0,26.0,2.0,5.0,1.0,309.0,27.9,,6.0,1.0,17.0,485.0,1.0,4,1,1,0
https://www.premierleague.com/match/59182,20/21,2021-03-03,Sheffield United,Aston Villa,1-0,1-0,47.0,2.0,13.0,1.0,263.0,28.2,1.0,9.0,2.0,13.0,443.0,1.0,9.0,7.0,6.0,1.0,641.0,71.8,0.0,16.0,4.0,9.0,838.0,0.0,1,0,1,0
https://www.premierleague.com/match/59183,20/21,2021-04-21,Tottenham Hotspur,Southampton,2-1,0-1,13.0,5.0,10.0,2.0,610.0,61.7,,12.0,3.0,18.0,833.0,2.0,16.0,5.0,14.0,0.0,371.0,38.3,,10.0,5.0,29.0,583.0,1.0,2,1,0,1
https://www.premierleague.com/match/59184,20/21,2021-03-04,West Bromwich Albion,Everton,0-1,0-0,22.0,3.0,9.0,3.0,450.0,48.1,,11.0,3.0,9.0,670.0,3.0,31.0,3.0,7.0,2.0,500.0,51.9,,11.0,3.0,20.0,704.0,1.0,0,1,0,0
https://www.premierleague.com/match/59185,20/21,2021-03-21,West Ham United,Arsenal,3-3,3-1,20.0,3.0,18.0,1.0,348.0,36.9,,15.0,5.0,12.0,516.0,3.0,21.0,5.0,8.0,0.0,606.0,63.1,,16.0,7.0,10.0,785.0,1.0,3,3,3,1
https://www.premierleague.com/match/59186,20/21,2021-04-03,Arsenal,Liverpool,0-3,0-0,24.0,1.0,10.0,0.0,395.0,35.8,,3.0,2.0,21.0,556.0,1.0,10.0,2.0,10.0,3.0,703.0,64.2,,16.0,7.0,18.0,879.0,1.0,0,3,0,0
https://www.premierleague.com/match/59187,20/21,2021-04-04,Aston Villa,Fulham,3-1,0-0,11.0,4.0,14.0,5.0,418.0,52.5,,14.0,4.0,15.0,633.0,1.0,25.0,4.0,20.0,2.0,384.0,47.5,,15.0,7.0,23.0,582.0,2.0,3,1,0,0
https://www.premierleague.com/match/59188,20/21,2021-04-03,Chelsea,West Bromwich Albion,2-5,1-2,11.0,10.0,11.0,1.0,581.0,66.2,1.0,18.0,8.0,17.0,756.0,1.0,24.0,3.0,6.0,4.0,297.0,33.8,0.0,14.0,7.0,19.0,505.0,1.0,2,5,1,2
https://www.premierleague.com/match/59189,20/21,2021-04-05,Everton,Crystal Palace,1-1,0-0,19.0,3.0,10.0,2.0,459.0,47.5,,15.0,7.0,16.0,640.0,2.0,10.0,4.0,10.0,1.0,512.0,52.5,,13.0,6.0,17.0,687.0,0.0,1,1,0,0
https://www.premierleague.com/match/59190,20/21,2021-04-03,Leeds United,Sheffield United,2-1,1-1,12.0,5.0,12.0,1.0,491.0,54.1,,23.0,8.0,15.0,688.0,1.0,22.0,7.0,13.0,1.0,410.0,45.9,,9.0,1.0,17.0,608.0,2.0,2,1,1,1
https://www.premierleague.com/match/59191,20/21,2021-04-03,Leicester City,Manchester City,0-2,0-0,12.0,1.0,13.0,3.0,452.0,43.8,,5.0,2.0,19.0,619.0,2.0,6.0,1.0,12.0,1.0,571.0,56.2,,11.0,4.0,14.0,739.0,3.0,0,2,0,0
https://www.premierleague.com/match/59192,20/21,2021-04-04,Manchester United,Brighton & Hove Albion,2-1,0-1,17.0,5.0,14.0,0.0,604.0,57.7,,15.0,7.0,13.0,792.0,2.0,19.0,6.0,7.0,2.0,436.0,42.3,,5.0,3.0,20.0,631.0,2.0,2,1,0,1
https://www.premierleague.com/match/59193,20/21,2021-04-04,Newcastle United,Tottenham Hotspur,2-2,1-2,19.0,7.0,13.0,1.0,348.0,41.2,,22.0,6.0,11.0,547.0,3.0,24.0,3.0,14.0,3.0,521.0,58.8,,11.0,5.0,14.0,714.0,2.0,2,2,1,2
https://www.premierleague.com/match/59194,20/21,2021-04-04,Southampton,Burnley,3-2,2-2,39.0,6.0,11.0,0.0,424.0,53.4,,24.0,9.0,14.0,634.0,,28.0,7.0,10.0,1.0,352.0,46.6,,7.0,5.0,18.0,558.0,,3,2,2,2
https://www.premierleague.com/match/59195,20/21,2021-04-05,Wolverhampton Wanderers,West Ham United,2-3,1-3,14.0,4.0,9.0,1.0,628.0,66.1,,20.0,5.0,20.0,826.0,1.0,21.0,2.0,9.0,1.0,322.0,33.9,,9.0,6.0,11.0,499.0,4.0,2,3,1,3
https://www.premierleague.com/match/59196,20/21,2021-04-12,Brighton & Hove Albion,Everton,0-0,0-0,16.0,10.0,12.0,0.0,503.0,55.2,,23.0,3.0,18.0,676.0,1.0,21.0,3.0,7.0,1.0,400.0,44.8,,8.0,1.0,7.0,592.0,2.0,0,0,0,0
https://www.premierleague.com/match/59197,20/21,2021-04-11,Burnley,Newcastle United,1-2,1-0,9.0,13.0,11.0,0.0,445.0,57.1,,24.0,4.0,12.0,645.0,1.0,41.0,3.0,12.0,2.0,342.0,42.9,,10.0,5.0,10.0,553.0,0.0,1,2,1,0
https://www.premierleague.com/match/59198,20/21,2021-04-10,Crystal Palace,Chelsea,1-4,0-3,17.0,0.0,7.0,1.0,434.0,35.7,,1.0,1.0,14.0,601.0,1.0,9.0,8.0,12.0,2.0,782.0,64.3,,23.0,10.0,20.0,962.0,0.0,1,4,0,3
https://www.premierleague.com/match/59199,20/21,2021-04-09,Fulham,Wolverhampton Wanderers,0-1,0-0,10.0,3.0,11.0,3.0,439.0,49.6,,14.0,3.0,18.0,641.0,,23.0,4.0,8.0,1.0,452.0,50.4,,7.0,3.0,19.0,663.0,,0,1,0,0
https://www.premierleague.com/match/59200,20/21,2021-04-10,Liverpool,Aston Villa,2-1,0-1,16.0,7.0,16.0,2.0,577.0,66.3,,23.0,10.0,14.0,769.0,2.0,23.0,0.0,11.0,2.0,296.0,33.7,,9.0,5.0,18.0,511.0,4.0,2,1,0,1
https://www.premierleague.com/match/59201,20/21,2021-04-10,Manchester City,Leeds United,1-2,0-1,6.0,9.0,12.0,2.0,621.0,71.1,0.0,29.0,7.0,8.0,828.0,3.0,35.0,3.0,15.0,3.0,252.0,28.9,1.0,2.0,2.0,16.0,428.0,1.0,1,2,0,1
https://www.premierleague.com/match/59202,20/21,2021-04-11,Sheffield United,Arsenal,0-3,0-1,19.0,2.0,9.0,2.0,469.0,45.1,,7.0,2.0,16.0,609.0,1.0,11.0,4.0,6.0,3.0,577.0,54.9,,14.0,5.0,12.0,731.0,1.0,0,3,0,1
https://www.premierleague.com/match/59203,20/21,2021-04-11,Tottenham Hotspur,Manchester United,1-3,1-0,14.0,7.0,11.0,3.0,439.0,46.8,,12.0,3.0,21.0,643.0,1.0,16.0,5.0,15.0,1.0,503.0,53.2,,12.0,7.0,19.0,715.0,5.0,1,3,1,0
https://www.premierleague.com/match/59204,20/21,2021-04-12,West Bromwich Albion,Southampton,3-0,2-0,24.0,5.0,12.0,4.0,285.0,39.5,,15.0,6.0,15.0,491.0,0.0,14.0,10.0,11.0,2.0,442.0,60.5,,14.0,4.0,14.0,634.0,1.0,3,0,2,0
https://www.premierleague.com/match/59205,20/21,2021-04-11,West Ham United,Leicester City,3-2,2-0,23.0,1.0,7.0,3.0,365.0,36.3,,4.0,4.0,10.0,551.0,3.0,8.0,9.0,13.0,1.0,629.0,63.7,,15.0,5.0,13.0,812.0,3.0,3,2,2,0
https://www.premierleague.com/match/59206,20/21,2021-04-18,Arsenal,Fulham,1-1,0-0,6.0,11.0,9.0,5.0,633.0,69.5,,18.0,5.0,18.0,804.0,0.0,32.0,1.0,11.0,0.0,286.0,30.5,,3.0,1.0,12.0,448.0,3.0,1,1,0,0
https://www.premierleague.com/match/59207,20/21,2021-04-21,Aston Villa,Manchester City,1-2,1-2,20.0,1.0,12.0,1,304.0,28.0,1,8.0,3.0,12.0,441.0,0,7.0,11.0,7.0,2,806.0,72.0,1,13.0,3.0,5.0,950.0,1,1,2,1,2
https://www.premierleague.com/match/59208,20/21,2021-04-20,Chelsea,Brighton & Hove Albion,0-0,0-0,9.0,0.0,8.0,3.0,740.0,64.4,0.0,7.0,4.0,8.0,924.0,2.0,6.0,3.0,9.0,0.0,410.0,35.6,1.0,11.0,2.0,25.0,583.0,0.0,0,0,0,0
https://www.premierleague.com/match/59209,20/21,2021-04-16,Everton,Tottenham Hotspur,2-2,1-1,22.0,6.0,8.0,2.0,502.0,52.8,,18.0,7.0,22.0,706.0,1.0,13.0,3.0,8.0,0.0,450.0,47.2,,12.0,3.0,19.0,644.0,1.0,2,2,1,1
https://www.premierleague.com/match/59210,20/21,2021-04-19,Leeds United,Liverpool,1-1,0-1,17.0,10.0,7.0,0.0,525.0,61.9,,12.0,5.0,23.0,737.0,2.0,29.0,8.0,15.0,4.0,322.0,38.1,,17.0,7.0,15.0,539.0,1.0,1,1,0,1
https://www.premierleague.com/match/59211,20/21,2021-04-22,Leicester City,West Bromwich Albion,3-0,3-0,7.0,7.0,13.0,1.0,706.0,72.7,,17.0,7.0,19.0,869.0,0.0,18.0,3.0,12.0,0.0,255.0,27.3,,4.0,1.0,10.0,419.0,2.0,3,0,3,0
https://www.premierleague.com/match/59212,20/21,2021-04-18,Manchester United,Burnley,3-1,0-0,16.0,8.0,9.0,2.0,610.0,69.4,,17.0,9.0,13.0,796.0,1.0,29.0,3.0,12.0,4.0,266.0,30.6,,10.0,3.0,15.0,425.0,2.0,3,1,0,0
https://www.premierleague.com/match/59213,20/21,2021-04-17,Newcastle United,West Ham United,3-2,2-0,33.0,3.0,9.0,2.0,272.0,34.6,0.0,16.0,8.0,16.0,466.0,2.0,7.0,8.0,7.0,0.0,510.0,65.4,1.0,16.0,6.0,11.0,716.0,0.0,3,2,2,0
https://www.premierleague.com/match/59214,20/21,2021-05-11,Southampton,Crystal Palace,3-1,1-1,22.0,12.0,20.0,1.0,531.0,62.7,,13.0,6.0,13.0,716.0,2.0,17.0,8.0,13.0,2.0,311.0,37.3,,11.0,4.0,17.0,501.0,3.0,3,1,1,1
https://www.premierleague.com/match/59215,20/21,2021-04-17,Wolverhampton Wanderers,Sheffield United,1-0,0-0,21.0,3.0,8.0,2.0,479.0,47.5,,10.0,5.0,15.0,661.0,1.0,9.0,3.0,15.0,2.0,512.0,52.5,,8.0,2.0,19.0,682.0,2.0,1,0,0,0
https://www.premierleague.com/match/59216,20/21,2021-04-23,Arsenal,Everton,0-1,0-0,10.0,7.0,13.0,2.0,627.0,59.1,,14.0,3.0,10.0,804.0,1.0,18.0,3.0,10.0,1.0,438.0,40.9,,8.0,1.0,19.0,590.0,3.0,0,1,0,0
https://www.premierleague.com/match/59217,20/21,2021-04-25,Aston Villa,West Bromwich Albion,2-2,1-1,14.0,11.0,14.0,2.0,551.0,70.2,,24.0,11.0,13.0,756.0,0.0,28.0,4.0,9.0,1.0,240.0,29.8,,10.0,4.0,10.0,424.0,2.0,2,2,1,1
https://www.premierleague.com/match/59218,20/21,2021-03-04,Fulham,Tottenham Hotspur,0-1,0-1,5.0,4.0,13.0,4.0,544.0,59.6,,11.0,3.0,11.0,754.0,2.0,31.0,1.0,9.0,2.0,378.0,40.4,,9.0,2.0,21.0,562.0,1.0,0,1,0,1
https://www.premierleague.com/match/59219,20/21,2021-04-25,Leeds United,Manchester United,0-0,0-0,17.0,2.0,21.0,2.0,385.0,44.2,,6.0,3.0,30.0,571.0,4.0,14.0,6.0,11.0,0.0,483.0,55.8,,16.0,4.0,16.0,723.0,1.0,0,0,0,0
https://www.premierleague.com/match/59220,20/21,2021-04-26,Leicester City,Crystal Palace,2-1,0-1,12.0,7.0,13.0,2.0,598.0,66.8,,13.0,5.0,19.0,780.0,0.0,14.0,2.0,12.0,3.0,300.0,33.2,,4.0,2.0,13.0,472.0,1.0,2,1,0,1
https://www.premierleague.com/match/59221,20/21,2021-04-24,Liverpool,Newcastle United,1-1,1-0,14.0,6.0,9.0,1.0,793.0,68.5,,22.0,9.0,21.0,979.0,2.0,15.0,3.0,7.0,4.0,350.0,31.5,,7.0,4.0,15.0,558.0,1.0,1,1,1,0
https://www.premierleague.com/match/59222,20/21,2021-03-10,Manchester City,Southampton,5-2,3-1,10.0,5.0,6.0,1.0,673.0,58.3,,17.0,10.0,8.0,848.0,1.0,11.0,5.0,4.0,4.0,481.0,41.7,,11.0,6.0,22.0,627.0,0.0,5,2,3,1
https://www.premierleague.com/match/59223,20/21,2021-04-24,Sheffield United,Brighton & Hove Albion,1-0,1-0,25.0,2.0,13.0,0.0,295.0,31.5,,7.0,3.0,24.0,457.0,3.0,11.0,12.0,7.0,1.0,640.0,68.5,,17.0,4.0,10.0,844.0,0.0,1,0,1,0
https://www.premierleague.com/match/59224,20/21,2021-04-24,West Ham United,Chelsea,0-1,0-1,14.0,4.0,9.0,3.0,447.0,44.5,1.0,9.0,2.0,18.0,634.0,0.0,23.0,2.0,11.0,3.0,566.0,55.5,0.0,17.0,6.0,22.0,776.0,4.0,0,1,0,1
https://www.premierleague.com/match/59225,20/21,2021-04-25,Wolverhampton Wanderers,Burnley,0-4,0-3,16.0,8.0,8.0,2.0,474.0,59.2,,12.0,2.0,16.0,663.0,1.0,13.0,5.0,9.0,2.0,325.0,40.8,,14.0,7.0,15.0,519.0,2.0,0,4,0,3
https://www.premierleague.com/match/59226,20/21,2021-05-01,Brighton & Hove Albion,Leeds United,2-0,1-0,25.0,2.0,17.0,0.0,351.0,41.9,,17.0,5.0,11.0,535.0,1.0,13.0,9.0,6.0,1.0,466.0,58.1,,11.0,2.0,17.0,668.0,1.0,2,0,1,0
https://www.premierleague.com/match/59227,20/21,2021-05-03,Burnley,West Ham United,1-2,1-2,15.0,5.0,4.0,2.0,426.0,44.6,,8.0,3.0,8.0,593.0,2.0,31.0,4.0,8.0,2.0,544.0,55.4,,22.0,4.0,10.0,734.0,1.0,1,2,1,2
https://www.premierleague.com/match/59228,20/21,2021-05-01,Chelsea,Fulham,2-0,1-0,25.0,1.0,15.0,7.0,511.0,48.7,,9.0,5.0,24.0,699.0,1.0,8.0,8.0,8.0,1.0,521.0,51.3,,10.0,3.0,21.0,736.0,1.0,2,0,1,0
https://www.premierleague.com/match/59229,20/21,2021-05-01,Crystal Palace,Manchester City,0-2,0-0,18.0,2.0,9.0,3,294.0,30.0,,9.0,4.0,18.0,506.0,2,10.0,6.0,10.0,1,696.0,70.0,,20.0,3.0,20.0,887.0,0,0,2,0,0
https://www.premierleague.com/match/59230,20/21,2021-05-01,Everton,Aston Villa,1-2,1-1,15.0,3.0,10.0,2.0,421.0,47.5,,16.0,3.0,20.0,607.0,0.0,18.0,6.0,13.0,2.0,469.0,52.5,,13.0,5.0,15.0,664.0,2.0,1,2,1,1
https://www.premierleague.com/match/59231,20/21,2021-05-13,Manchester United,Liverpool,2-4,1-2,12.0,6.0,10.0,1.0,511.0,53.3,,18.0,3.0,22.0,714.0,3.0,18.0,4.0,12.0,1.0,454.0,46.7,,17.0,8.0,16.0,656.0,0.0,2,4,1,2
https://www.premierleague.com/match/59232,20/21,2021-05-02,Newcastle United,Arsenal,0-2,0-1,13.0,3.0,10.0,1.0,396.0,38.6,1.0,5.0,1.0,12.0,539.0,2.0,12.0,7.0,9.0,1.0,641.0,61.4,0.0,19.0,5.0,6.0,787.0,1.0,0,2,0,1
https://www.premierleague.com/match/59233,20/21,2021-04-30,Southampton,Leicester City,1-1,0-0,32.0,0.0,9.0,1.0,272.0,29.2,1.0,5.0,3.0,14.0,458.0,1.0,5.0,10.0,13.0,5.0,633.0,70.8,0.0,23.0,9.0,19.0,820.0,0.0,1,1,0,0
https://www.premierleague.com/match/59234,20/21,2021-05-02,Tottenham Hotspur,Sheffield United,4-0,1-0,13.0,6.0,8.0,3.0,715.0,65.8,,20.0,11.0,11.0,890.0,1.0,14.0,6.0,9.0,0.0,356.0,34.2,,8.0,1.0,13.0,514.0,1.0,4,0,1,0
https://www.premierleague.com/match/59235,20/21,2021-05-03,West Bromwich Albion,Wolverhampton Wanderers,1-1,0-1,18.0,5.0,17.0,1.0,339.0,42.4,,10.0,4.0,21.0,547.0,2.0,16.0,6.0,11.0,2.0,467.0,57.6,,20.0,10.0,20.0,676.0,0.0,1,1,0,1
https://www.premierleague.com/match/59236,20/21,2021-05-09,Arsenal,West Bromwich Albion,3-1,2-0,25.0,6.0,7.0,1.0,576.0,65.7,,15.0,7.0,11.0,747.0,1.0,12.0,6.0,9.0,2.0,288.0,34.3,,12.0,1.0,14.0,455.0,2.0,3,1,2,0
https://www.premierleague.com/match/59237,20/21,2021-05-09,Aston Villa,Manchester United,1-3,1-0,20.0,5.0,13.0,,383.0,41.1,1.0,11.0,5.0,14.0,560.0,1.0,19.0,6.0,18.0,,563.0,58.9,0.0,18.0,7.0,10.0,738.0,1.0,1,3,1,0
https://www.premierleague.com/match/59238,20/21,2021-05-10,Fulham,Burnley,0-2,0-2,13.0,8.0,11.0,4,521.0,68.0,,21.0,3.0,16.0,755.0,2,42.0,4.0,10.0,1,253.0,32.0,,14.0,5.0,17.0,462.0,0,0,2,0,2
https://www.premierleague.com/match/59239,20/21,2021-05-08,Leeds United,Tottenham Hotspur,3-1,2-1,21.0,8.0,12.0,1.0,442.0,53.3,,16.0,7.0,20.0,656.0,1.0,17.0,6.0,10.0,2.0,395.0,46.7,,11.0,3.0,15.0,606.0,2.0,3,1,2,1
https://www.premierleague.com/match/59240,20/21,2021-05-07,Leicester City,Newcastle United,2-4,0-2,14.0,9.0,12.0,2.0,596.0,68.3,,25.0,9.0,13.0,799.0,1.0,38.0,6.0,9.0,1.0,274.0,31.7,,14.0,6.0,9.0,469.0,1.0,2,4,0,2
https://www.premierleague.com/match/59241,20/21,2021-05-08,Liverpool,Southampton,2-0,1-0,15.0,8.0,10.0,4.0,557.0,54.1,,14.0,6.0,15.0,757.0,0.0,18.0,4.0,6.0,1.0,480.0,45.9,,12.0,6.0,18.0,663.0,1.0,2,0,1,0
https://www.premierleague.com/match/59242,20/21,2021-05-08,Manchester City,Chelsea,1-2,1-0,11.0,6.0,12.0,1.0,537.0,48.3,,16.0,4.0,18.0,711.0,2.0,11.0,2.0,10.0,5.0,580.0,51.7,,12.0,5.0,15.0,738.0,0.0,1,2,1,0
https://www.premierleague.com/match/59243,20/21,2021-05-08,Sheffield United,Crystal Palace,0-2,0-1,18.0,5.0,11.0,2.0,412.0,49.8,,7.0,0.0,22.0,618.0,1.0,11.0,11.0,8.0,1.0,423.0,50.2,,21.0,8.0,21.0,623.0,1.0,0,2,0,1
https://www.premierleague.com/match/59244,20/21,2021-05-09,West Ham United,Everton,0-1,0-1,11.0,5.0,8.0,2.0,606.0,68.6,,11.0,0.0,16.0,809.0,2.0,34.0,6.0,10.0,2.0,278.0,31.4,,9.0,3.0,24.0,471.0,1.0,0,1,0,1
https://www.premierleague.com/match/59245,20/21,2021-05-09,Wolverhampton Wanderers,Brighton & Hove Albion,2-1,0-1,12.0,10.0,12.0,0.0,569.0,60.7,0.0,16.0,6.0,14.0,752.0,2.0,27.0,5.0,7.0,2.0,373.0,39.3,2.0,5.0,3.0,15.0,567.0,2.0,2,1,0,1
https://www.premierleague.com/match/59246,20/21,2021-05-15,Brighton & Hove Albion,West Ham United,1-1,0-0,18.0,3.0,7.0,0.0,595.0,51.1,,10.0,2.0,9.0,732.0,1.0,6.0,3.0,5.0,2.0,552.0,48.9,,15.0,3.0,6.0,713.0,0.0,1,1,0,0
https://www.premierleague.com/match/59247,20/21,2021-05-15,Burnley,Leeds United,0-4,0-1,20.0,6.0,10.0,2.0,418.0,48.2,,16.0,4.0,12.0,586.0,1.0,23.0,8.0,10.0,6.0,440.0,51.8,,16.0,6.0,11.0,611.0,1.0,0,4,0,1
https://www.premierleague.com/match/59248,20/21,2021-05-16,Everton,Sheffield United,0-1,0-1,15.0,11.0,8.0,0.0,635.0,62.4,,16.0,6.0,21.0,824.0,1.0,26.0,4.0,12.0,3.0,385.0,37.6,,10.0,3.0,14.0,573.0,3.0,0,1,0,1
https://www.premierleague.com/match/59249,20/21,2021-05-11,Manchester United,Leicester City,1-2,1-1,14.0,3.0,9.0,3.0,561.0,53.1,,4.0,1.0,12.0,728.0,,9.0,4.0,12.0,0.0,491.0,46.9,,12.0,3.0,17.0,650.0,,1,2,1,1
https://www.premierleague.com/match/59250,20/21,2021-05-16,West Bromwich Albion,Liverpool,1-2,1-1,32.0,9.0,7.0,3.0,200.0,23.7,,9.0,3.0,16.0,399.0,,17.0,13.0,14.0,2.0,699.0,76.3,,26.0,6.0,8.0,886.0,,1,2,1,1
https://www.premierleague.com/match/59251,20/21,2021-05-12,Chelsea,Arsenal,0-1,0-1,5.0,9.0,7.0,4.0,765.0,67.7,,19.0,5.0,4.0,938.0,0.0,37.0,1.0,6.0,2.0,369.0,32.3,,5.0,2.0,14.0,532.0,1.0,0,1,0,1
https://www.premierleague.com/match/59252,20/21,2021-05-16,Crystal Palace,Aston Villa,3-2,1-2,22.0,7.0,23.0,2.0,325.0,45.5,,23.0,8.0,15.0,533.0,3.0,30.0,7.0,13.0,2.0,393.0,54.5,,19.0,5.0,13.0,625.0,2.0,3,2,1,2
https://www.premierleague.com/match/59253,20/21,2021-05-14,Newcastle United,Manchester City,3-4,2-2,21.0,4.0,11.0,1.0,195.0,17.9,,11.0,5.0,13.0,353.0,2.0,13.0,5.0,10.0,0.0,925.0,82.1,,15.0,6.0,21.0,1093.0,2.0,3,4,2,2
https://www.premierleague.com/match/59254,20/21,2021-05-15,Southampton,Fulham,3-1,1-0,14.0,6.0,9.0,3.0,470.0,46.2,,11.0,7.0,19.0,673.0,0.0,14.0,5.0,15.0,1.0,547.0,53.8,,10.0,3.0,23.0,740.0,1.0,3,1,1,0
https://www.premierleague.com/match/59255,20/21,2021-05-16,Tottenham Hotspur,Wolverhampton Wanderers,2-0,1-0,6.0,10.0,8.0,2.0,584.0,61.9,,24.0,13.0,11.0,765.0,1.0,23.0,3.0,11.0,3.0,360.0,38.1,,15.0,3.0,20.0,547.0,0.0,2,0,1,0
https://www.premierleague.com/match/59256,20/21,2021-05-18,Brighton & Hove Albion,Manchester City,3-2,0-1,10.0,5.0,13.0,3.0,607.0,62.7,0.0,19.0,6.0,18.0,782.0,3.0,25.0,3.0,11.0,1.0,361.0,37.3,1.0,8.0,4.0,15.0,532.0,3.0,3,2,0,1
https://www.premierleague.com/match/59257,20/21,2021-05-19,Burnley,Liverpool,0-3,0-1,14.0,6.0,10.0,1.0,389.0,41.2,,10.0,4.0,14.0,560.0,,41.0,7.0,7.0,1.0,584.0,58.8,,20.0,3.0,15.0,777.0,,0,3,0,1
https://www.premierleague.com/match/59258,20/21,2021-05-18,Chelsea,Leicester City,2-1,0-0,18.0,6.0,15.0,1.0,549.0,58.6,,17.0,6.0,19.0,760.0,2.0,15.0,5.0,16.0,0.0,381.0,41.4,,7.0,3.0,23.0,568.0,5.0,2,1,0,0
https://www.premierleague.com/match/59259,20/21,2021-05-19,Crystal Palace,Arsenal,1-3,0-1,23.0,6.0,7.0,3.0,258.0,31.3,,12.0,6.0,20.0,455.0,2.0,18.0,7.0,7.0,2.0,603.0,68.7,,6.0,3.0,8.0,791.0,1.0,1,3,0,1
https://www.premierleague.com/match/59260,20/21,2021-05-19,Everton,Wolverhampton Wanderers,1-0,0-0,33.0,7.0,11.0,,377.0,41.0,,14.0,4.0,21.0,580.0,0,10.0,12.0,11.0,,528.0,59.0,,9.0,3.0,12.0,750.0,2,1,0,0,0
https://www.premierleague.com/match/59261,20/21,2021-05-18,Manchester United,Fulham,1-1,1-0,9.0,6.0,10.0,4.0,544.0,57.1,,13.0,6.0,13.0,721.0,2.0,20.0,1.0,15.0,1.0,410.0,42.9,,8.0,5.0,25.0,599.0,3.0,1,1,1,0
https://www.premierleague.com/match/59262,20/21,2021-05-19,Newcastle United,Sheffield United,1-0,1-0,20.0,5.0,7.0,2.0,487.0,50.9,,16.0,5.0,8.0,678.0,0.0,15.0,2.0,7.0,4.0,462.0,49.1,,11.0,1.0,17.0,622.0,2.0,1,0,1,0
https://www.premierleague.com/match/59263,20/21,2021-05-18,Southampton,Leeds United,0-2,0-0,13.0,4.0,10.0,2.0,392.0,51.3,,18.0,3.0,23.0,620.0,0.0,14.0,4.0,12.0,1.0,375.0,48.7,,15.0,7.0,35.0,588.0,3.0,0,2,0,0
https://www.premierleague.com/match/59264,20/21,2021-05-19,Tottenham Hotspur,Aston Villa,1-2,1-2,14.0,4.0,14.0,2.0,569.0,60.8,,10.0,4.0,21.0,759.0,1.0,15.0,5.0,13.0,3.0,367.0,39.2,,20.0,4.0,18.0,570.0,1.0,1,2,1,2
https://www.premierleague.com/match/59265,20/21,2021-05-19,West Bromwich Albion,West Ham United,1-3,1-1,21.0,6.0,8.0,2.0,357.0,52.5,,14.0,4.0,10.0,558.0,2.0,34.0,8.0,11.0,1.0,326.0,47.5,,21.0,9.0,16.0,530.0,2.0,1,3,1,1
https://www.premierleague.com/match/59266,20/21,2021-05-23,Arsenal,Brighton & Hove Albion,2-0,0-0,10.0,11.0,10.0,2.0,565.0,53.9,,16.0,5.0,14.0,727.0,,18.0,3.0,8.0,1.0,489.0,46.1,,5.0,1.0,17.0,645.0,,2,0,0,0
https://www.premierleague.com/match/59267,20/21,2021-05-23,Aston Villa,Chelsea,2-1,1-0,36.0,2.0,11.0,0.0,250.0,28.8,0.0,6.0,3.0,14.0,431.0,3.0,6.0,9.0,12.0,2.0,598.0,71.2,1.0,23.0,7.0,18.0,797.0,4.0,2,1,1,0
https://www.premierleague.com/match/59268,20/21,2021-05-23,Fulham,Newcastle United,0-2,0-1,13.0,5.0,12.0,1.0,596.0,64.3,,14.0,0.0,18.0,778.0,1.0,30.0,4.0,6.0,0.0,333.0,35.7,,10.0,4.0,13.0,517.0,0.0,0,2,0,1
https://www.premierleague.com/match/59269,20/21,2021-05-23,Leeds United,West Bromwich Albion,3-1,2-0,11.0,8.0,12.0,3.0,499.0,64.4,,17.0,9.0,21.0,685.0,2.0,17.0,3.0,12.0,3.0,268.0,35.6,,14.0,5.0,19.0,465.0,1.0,3,1,2,0
https://www.premierleague.com/match/59270,20/21,2021-05-23,Leicester City,Tottenham Hotspur,2-4,1-1,14.0,8.0,9.0,3,444.0,47.0,,10.0,6.0,28.0,651.0,0,13.0,7.0,8.0,1,492.0,53.0,,11.0,4.0,18.0,710.0,2,2,4,1,1
https://www.premierleague.com/match/59271,20/21,2021-05-23,Liverpool,Crystal Palace,2-0,1-0,5.0,14.0,10.0,2.0,588.0,69.6,,19.0,5.0,15.0,780.0,2.0,21.0,1.0,8.0,1.0,263.0,30.4,,5.0,4.0,24.0,427.0,2.0,2,0,1,0
https://www.premierleague.com/match/59272,20/21,2021-05-23,Manchester City,Everton,5-0,2-0,10.0,7.0,8.0,1.0,725.0,67.7,,21.0,11.0,10.0,893.0,2.0,18.0,5.0,10.0,1.0,340.0,32.3,,8.0,3.0,12.0,489.0,2.0,5,0,2,0
https://www.premierleague.com/match/59273,20/21,2021-05-23,Sheffield United,Burnley,1-0,1-0,29.0,8.0,11.0,2,361.0,43.0,,12.0,3.0,19.0,552.0,3,19.0,9.0,1.0,1,482.0,57.0,,10.0,3.0,16.0,664.0,1,1,0,1,0
https://www.premierleague.com/match/59274,20/21,2021-05-23,West Ham United,Southampton,3-0,2-0,12.0,2.0,5.0,5.0,300.0,36.9,,14.0,7.0,12.0,483.0,0.0,11.0,3.0,9.0,2.0,534.0,63.1,,17.0,5.0,23.0,715.0,3.0,3,0,2,0
https://www.premierleague.com/match/59275,20/21,2021-05-23,Wolverhampton Wanderers,Manchester United,1-2,1-2,7.0,6.0,14.0,1.0,571.0,57.2,,14.0,4.0,19.0,744.0,4.0,26.0,2.0,3.0,1.0,440.0,42.8,,9.0,4.0,14.0,634.0,1.0,1,2,1,2
